,1960,1961,1962,1963,1964,1965,1966,1967,1968,1969,1970,1971,1972,1973,1974,1975,1976,1977,1978,1979,1980,1981,1982,1983,1984,1985,1986,1987,1988,1989,1990,1991,1992,1993,1994,1995,1996,1997,1998,1999,2000,2001,2002,2003,2004,2005,2006,2007,2008,2009,2010,2011,2012,2013,2014,2015,2016,2017,2018,2019
COUNTRY
World,..,..,..,..,..,..,..,..,..,..,..,2764161,2816743,2867683,2922194,2964528,3034210,3095159,3167249,3238646,3295530,3348818,3423744,3496055,3605649,3660741,3704872,3801396,3838823,3888781,3957798,4013687,4077785,4075039,4129067,4197802,4260197,4295565,4337501,4387736,4390632,4351228,4421343,4518976,4589687,4656151,4700866,4769913,4857726,4888305,5022271,5021617,5083364,5160622,5172124,5184329,5268582,5319584,5362041,..
OECD Americas,..,..,..,..,..,..,..,..,..,..,..,235009,243041,247840,249559,237779,263371,278835,306188,321265,332088,331973,336137,357245,392065,389180,398898,432250,427973,410309,374486,383639,418293,384169,395063,410668,416658,407838,420312,409757,417771,378880,379416,396583,420126,433299,433200,439188,446404,432517,457034,469647,497310,536758,535783,515363,507990,514516,544585,0
OECD Asia Oceania,..,..,..,..,..,..,..,..,..,..,..,16703,17032,16558,19145,19312,19457,19664,19516,18834,19368,20384,38664,39378,40585,41752,39491,40821,42639,44722,44586,44003,41296,43368,43246,45091,48718,50618,48753,49943,51332,49712,55568,55918,57639,63281,64730,68458,67160,58967,68576,66510,67765,72277,77937,80106,76286,83679,86208,0
OECD Europe,..,..,..,..,..,..,..,..,..,..,..,135910,139118,143295,144891,144117,145248,145407,151382,158460,160460,165537,166883,175975,184278,191081,192068,195655,199509,216267,237234,244815,246882,262103,261874,269141,278816,285790,290523,291171,297371,301520,310280,341838,353124,386521,411006,440042,470545,488052,534873,512989,556292,569376,553155,571747,580326,593946,594837,0
Africa,..,..,..,..,..,..,..,..,..,..,..,480249,491435,501592,512337,526627,536535,548104,560212,572390,586647,599814,615327,630270,648238,664490,682504,700681,719197,738599,780470,798734,812472,824501,867820,895484,915129,930712,957044,984774,989587,1005874,1028460,1056276,1092876,1120485,1147486,1160049,1193978,1223691,1248529,1283271,1306020,1345847,1364674,1390915,1413812,1439323,1460006,..
Non-OECD Americas,..,..,..,..,..,..,..,..,..,..,..,270275,268921,268282,270320,273937,274019,278872,280312,286305,291904,294537,299146,313702,332305,334932,330583,343851,337555,338754,326998,325549,319984,310743,323751,317995,324129,325819,329523,336712,316791,324853,343916,365253,380689,389734,404149,429832,455661,454553,484853,467045,475774,496624,510931,523707,526899,531477,539501,..
Middle East,..,..,..,..,..,..,..,..,..,..,..,1120,1035,1208,1186,1229,1190,1207,1132,1064,1054,1212,1239,1316,1423,1561,1604,1444,1712,1514,1528,1593,1865,1919,2047,1995,1965,1851,1681,1611,1562,1603,1500,1505,1560,3898,3931,4110,4142,4074,4143,3632,3670,3646,3698,3625,3859,3949,4087,..
Non-OECD Europe and Eurasia,..,..,..,..,..,..,..,..,..,..,..,111690,107296,104519,105154,102673,102902,100839,97213,96132,96580,100370,104283,100778,106032,108806,101699,105706,99721,91549,78479,76296,73324,74120,55471,55081,59533,58787,54042,58986,55673,52415,52820,55837,57025,57918,59286,65552,67125,66484,70872,70475,72937,73239,72325,74555,79263,79663,85426,..
Non-OECD Asia (excluding China),..,..,..,..,..,..,..,..,..,..,..,789650,807334,825736,845122,870600,890924,910680,928809,950666,963379,981287,998515,1005056,1022923,1044594,1063711,1076764,1096103,1119670,1173981,1189910,1209170,1214669,1219912,1243838,1258014,1275198,1287461,1310808,1333967,1348068,1373406,1401050,1420012,1420820,1406718,1449413,1493850,1529451,1565660,1597104,1585013,1574737,1563493,1534735,1596323,1578684,1546651,..
"China (P.R. of China and Hong Kong, China)",..,..,..,..,..,..,..,..,..,..,..,723554,741531,758652,774480,788253,800563,811551,822485,833530,844050,853705,863549,872337,877799,884345,894314,904225,914416,927398,940035,949149,954498,959446,959884,958509,957236,958951,948162,943974,926578,888302,875976,844716,806636,780195,770360,713269,658862,630517,587730,550944,518498,487978,489773,489057,483329,493692,500285,..
World marine bunkers,..,..,..,..,..,..,..,..,..,..,..,x,x,x,x,x,x,x,x,x,x,x,x,x,x,x,x,x,x,x,x,x,x,x,x,x,x,x,x,x,x,x,x,x,x,x,x,x,x,x,x,x,86,140,357,519,496,657,456,..
World aviation bunkers,..,..,..,..,..,..,..,..,..,..,..,x,x,x,x,x,x,x,x,x,x,x,x,x,x,x,x,x,x,x,x,x,x,x,x,x,x,x,x,x,x,x,x,x,x,x,x,x,x,x,x,x,x,x,x,x,x,x,0,..
Albania,..,..,..,..,..,..,..,..,..,..,..,1759,1759,1759,1759,1759,1759,1759,1759,1759,1759,1759,1759,1759,1759,1759,1759,1759,1759,1759,1702,1702,1702,1625,1551,1480,1413,1349,1287,1229,1210,1201,1201,928,1093,1079,1079,1008,1009,985,961,975,968,945,982,1048,1088,996,1070,0
Algeria,..,..,..,..,..,..,..,..,..,..,..,29,30,31,31,31,32,34,35,36,37,38,39,41,42,43,44,46,47,48,49,95,105,177,177,177,177,236,251,251,251,251,338,276,276,335,302,335,218,252,243,75,63,94,28,28,28,47,103,..
Angola,..,..,..,..,..,..,..,..,..,..,..,11043,11103,11185,11299,11445,11604,11798,12021,12248,12471,12681,12897,13112,13334,13563,13794,14044,14318,14625,14967,15315,15673,16038,16351,16545,16740,16894,17045,17201,17381,17589,17813,17993,18172,18345,18681,19019,19356,19697,20038,20381,20722,21060,21390,21710,22023,22351,22652,..
Argentina,..,..,..,..,..,..,..,..,..,..,..,6961,6805,7096,6874,6468,5820,6435,6263,6516,6956,6989,6440,7187,7401,7133,6606,7267,6704,5640,5968,6796,7017,7600,7366,8083,7898,8381,8820,9202,9290,8667,8159,9386,9499,9769,8154,8128,8479,8317,9746,10838,11038,11464,11746,12005,12712,14251,13940,0
Armenia,..,..,..,..,..,..,..,..,..,..,..,..,..,..,..,..,..,..,..,..,..,..,..,..,..,..,..,..,..,..,70,70,69,67,65,64,63,62,62,61,57,42,46,56,59,39,63,40,40,40,40,40,40,40,159,442,591,622,444,0
Australia,19197,19197,18687,19048,18334,18774,18000,18381,17908,17850,16601,16685,17014,16544,17252,17336,17426,17430,17256,16627,16944,17952,18635,18411,17960,18478,15939,16179,16408,17151,17708,17593,15606,18661,18263,19112,21867,22751,22145,22129,22444,22658,24067,23326,22972,22986,23213,24020,25340,19208,21464,20222,20299,21303,21139,22469,22413,24130,22991,0
Austria,3627,3184,3233,3545,2823,2823,3233,3020,2806,2806,3141,3156,3027,3361,3287,3312,3388,3426,3946,4855,5333,5742,6438,6532,7577,8309,9185,9530,14367,12727,10811,11799,11535,12095,11668,12400,13257,12742,12464,14213,13387,14300,13539,14026,14191,16701,18980,20869,21805,22758,25053,24672,25924,26256,24946,25573,25588,25891,24425,0
Azerbaijan,..,..,..,..,..,..,..,..,..,..,..,..,..,..,..,..,..,..,..,..,..,..,..,..,..,..,..,..,..,..,79,80,82,83,84,85,86,87,87,88,89,66,56,113,56,117,113,412,401,344,422,453,461,558,532,512,283,307,335,0
Bahrain,..,..,..,..,..,..,..,..,..,..,..,0,0,0,0,0,0,0,0,0,0,0,0,0,0,0,0,0,0,0,0,0,0,0,0,0,0,0,0,0,0,0,0,0,0,0,0,0,0,0,0,0,0,0,0,0,0,0,0,..
Bangladesh,..,..,..,..,..,..,..,..,..,..,..,20895,21770,22448,22845,23587,24156,24801,25297,25834,26505,26807,27016,28263,27932,28493,29798,26952,29399,30297,31738,31740,32230,32471,33143,33288,32069,33155,33657,34392,35070,35738,36395,37028,37631,38196,38712,39192,39642,40086,40542,41008,41483,41960,42437,42913,43369,43838,44325,..
Belarus,..,..,..,..,..,..,..,..,..,..,..,..,..,..,..,..,..,..,..,..,..,..,..,..,..,..,..,..,..,..,1072,1160,1247,1335,1801,2048,2922,3188,3432,3660,4317,4815,5034,4979,5126,5810,6468,6507,6524,6632,6956,7186,7282,6998,6606,6295,6327,6852,7057,0
Belgium,0,0,0,0,0,0,0,0,0,0,0,0,0,40,78,90,84,202,314,340,269,263,39,50,57,112,200,235,288,1178,2060,2088,2032,1713,1645,2227,2262,2188,2377,2554,2640,2906,2970,3691,4057,4845,5689,6710,8096,9096,11042,11686,12277,12343,11279,12256,13094,13202,12986,0
Benin,..,..,..,..,..,..,..,..,..,..,..,4046,4126,4206,4291,4379,4472,4564,4665,4774,4888,5006,5130,5260,5398,5540,5689,5838,5994,6154,6311,6470,6624,6783,6939,7069,7779,7718,7528,7201,5473,5633,5803,5936,6103,6277,6947,7156,7352,7547,6594,6761,6969,7807,8019,8261,8548,8730,9060,..
Plurinational State of Bolivia,..,..,..,..,..,..,..,..,..,..,..,893,997,1048,1061,1153,1272,1308,1297,1363,3330,3723,3933,4181,4199,4287,4364,3055,3388,3209,3463,3634,3537,3792,3852,3930,3782,3738,3695,3651,3492,3393,3231,3199,3238,3076,3091,3132,2970,2938,2978,2817,2785,2825,2667,2638,2688,2537,2621,0
Bosnia and Herzegovina,..,..,..,..,..,..,..,..,..,..,..,..,..,..,..,..,..,..,..,..,..,..,..,..,..,..,..,..,..,..,766,766,766,766,766,728,750,773,796,820,842,852,856,856,854,852,851,850,848,846,845,843,842,841,1876,2413,2413,1977,5434,0
Botswana,..,..,..,..,..,..,..,..,..,..,..,722,747,775,803,833,863,895,926,959,994,1731,1790,1851,1914,1980,2048,1994,2310,2371,1973,2120,2267,2353,2400,2371,2357,2403,2357,2545,2403,2545,2493,2443,2137,2137,2181,2227,2276,2320,2361,2394,2423,2451,2482,2520,2566,2619,2678,..
Brazil,..,..,..,..,..,..,..,..,..,..,..,156588,159038,158825,158985,156614,155079,157169,154760,159107,163954,164443,165061,178684,193795,198665,196839,208305,201482,199126,182718,183618,183101,181001,192761,187048,190118,197718,198028,203462,187623,196673,214382,233540,247562,256797,272589,295473,319222,315773,339196,320624,324829,337811,346371,358100,356522,362464,370358,0
Brunei Darussalam,..,..,..,..,..,..,..,..,..,..,..,74,71,68,64,61,58,54,51,47,44,41,37,34,31,27,24,21,17,14,11,7,4,0,0,0,0,0,0,0,0,0,0,0,0,0,0,0,0,0,0,0,0,0,0,0,0,0,0,..
Bulgaria,..,..,..,..,..,..,..,..,..,..,..,1248,1187,1121,1114,1110,1179,1108,1008,953,921,1904,1899,1896,1889,1935,1913,989,889,851,809,661,734,662,755,946,1029,1098,1916,1976,2565,2532,2998,3197,3325,3243,3468,3174,3566,3503,4216,4518,5045,5229,5050,5395,5691,5765,7491,0
Cambodia,..,..,..,..,..,..,..,..,..,..,..,..,..,..,..,..,..,..,..,..,..,..,..,..,..,..,..,..,..,..,..,..,..,..,..,9815,10260,10326,11579,11420,11196,11054,13423,13623,10486,10197,9847,9480,9321,14567,14582,15179,15606,16041,16516,17025,17582,18096,18680,..
Cameroon,..,..,..,..,..,..,..,..,..,..,..,10568,10774,11004,11260,11536,11854,12202,12565,12927,13282,13632,13981,14331,14678,15033,15404,15791,16203,16636,17091,17558,18041,18535,19198,19758,20324,20718,21283,21835,22315,22806,24254,24908,25577,26270,23280,18878,19272,20037,20009,20516,21084,21664,22259,24522,25184,25858,26543,..
Canada,19025,19175,19083,19104,18914,17829,18493,21279,25112,27773,35256,35756,35675,36649,36243,29179,29675,29997,32473,33347,35866,34172,33798,37291,37389,39747,41554,41985,41865,40370,50645,50571,50908,51125,57995,59810,56673,56537,59672,62721,63662,59234,64763,63646,68689,66738,63955,64345,60122,57967,58485,58632,59224,61943,63233,62502,56549,58981,57956,0
Chile,..,..,..,..,..,..,..,..,..,..,..,6543,6360,6214,6543,6611,6942,7266,7784,8029,8411,8457,8733,9614,10234,10413,10836,11319,11736,11810,13326,14801,16312,15186,15892,16930,18090,18008,19274,19950,20809,20798,21117,19985,21084,21411,22017,23148,23761,24630,21795,26526,42592,47175,34797,34039,36896,38745,39836,0
People's Republic of China,..,..,..,..,..,..,..,..,..,..,..,723388,741385,758508,774341,788141,800431,811414,822345,833388,843906,853567,863405,872187,877657,884215,894183,904102,914306,927274,939930,949037,954394,959336,959787,958418,957150,958877,948101,943912,926537,888258,875922,844662,806582,780147,770315,713141,658702,630360,587581,550724,518343,487823,489597,488831,483087,493442,500038,0
Colombia,..,..,..,..,..,..,..,..,..,..,..,20645,17744,15860,15458,19986,20060,20255,21013,21447,21845,21606,22281,22257,22885,23626,23894,24327,25054,25370,25457,24804,21822,21656,22708,23193,22972,15495,15711,16468,15861,14939,15576,16837,14723,15132,15856,16580,16817,17339,18834,17926,17905,26090,26858,26603,25864,23549,21764,0
Republic of the Congo,..,..,..,..,..,..,..,..,..,..,..,1130,1155,1182,1210,1242,1264,1287,1311,1335,1361,1387,1414,1446,1476,1512,1547,1587,1628,1670,1713,1757,1800,1842,1816,1770,1847,1864,1882,1803,1323,1439,1579,1727,1881,2045,3354,2395,2592,2804,3036,5076,5314,5446,5580,5627,5808,6002,6156,..
Costa Rica,..,..,..,..,..,..,..,..,..,..,..,1149,1221,1243,1234,1272,1303,1361,1425,1471,1451,1483,1485,1545,1708,1669,1675,1694,1750,1715,1806,1878,1617,1628,1657,1724,1754,1194,819,820,1132,1106,1213,1373,2418,2971,3413,3587,3404,3300,3324,2962,2962,3124,3072,2961,2886,2762,2654,0
Côte d'Ivoire,..,..,..,..,..,..,..,..,..,..,..,4782,4951,5126,5303,5487,5683,5889,6100,6317,6548,6781,7024,7279,7541,7811,8091,8379,8674,9001,9335,9664,9985,10303,10605,10892,11241,11568,11796,12104,12431,12510,12772,13031,17770,18247,18719,19206,18989,17764,19790,23194,23897,24531,25183,20223,20162,20817,20633,..
Croatia,..,..,..,..,..,..,..,..,..,..,..,..,..,..,..,..,..,..,..,..,..,..,..,..,..,..,..,..,..,..,4051,5617,4905,5187,4683,4949,5801,5428,5443,5261,4695,5127,4913,5678,5576,5841,5432,5258,5250,5472,5846,5776,5930,5882,5227,6010,5937,5928,6116,0
Cuba,..,..,..,..,..,..,..,..,..,..,..,16138,14341,14875,15391,15787,15774,16912,18838,19121,17954,19106,19308,19093,19878,19000,19436,19524,21819,25621,28503,24962,24099,17212,17116,14439,16670,16059,14156,15430,15794,16071,13258,11755,11282,8605,7148,6219,5764,5879,4920,6001,6353,5979,7044,7286,5523,7169,8238,..
Curaçao/Netherlands Antilles,..,..,..,..,..,..,..,..,..,..,..,0,0,0,0,0,0,0,0,0,0,0,0,0,0,0,0,0,0,0,0,0,0,0,0,0,0,0,0,0,0,0,0,0,0,0,0,0,0,0,0,0,0,0,0,0,0,0,0,..
Cyprus,..,..,..,..,..,..,..,..,..,..,..,34,34,34,10,20,28,28,29,30,20,19,19,18,22,22,22,21,19,19,20,17,17,17,37,34,39,32,35,34,31,34,43,55,49,45,50,75,138,184,166,185,174,169,163,211,219,281,320,0
Czech Republic,..,..,..,..,..,..,..,..,..,..,..,0,0,0,0,0,0,0,0,0,0,0,0,0,0,0,0,0,0,0,4876,4923,7273,7035,6706,5786,5821,6446,6712,7002,6646,7139,7937,7790,8410,8641,9104,9703,10443,11494,12272,13090,13920,14900,15631,16091,16251,16593,16640,0
Democratic People's Republic of Korea,..,..,..,..,..,..,..,..,..,..,..,2503,2590,2693,2810,2901,3002,3108,3211,3322,3382,3441,3502,3558,3622,3686,3662,3705,3743,3776,3817,3840,3852,3873,3899,3918,3936,3727,3757,3791,3809,3820,3849,3884,3911,3933,3959,3976,3994,4012,4024,4043,4063,4076,4096,4116,4135,4148,4164,..
Democratic Republic of the Congo,..,..,..,..,..,..,..,..,..,..,..,24910,25593,26300,27042,27814,28633,29490,30387,31329,32310,33312,34380,35509,36688,37914,39188,40517,41894,43305,44749,46225,47730,49275,50875,52474,54150,55883,57686,59650,60942,63293,65502,67785,70153,72604,75144,77693,80338,83068,83457,87903,71212,80259,90821,94030,97320,97090,84986,..
Denmark,0,0,0,0,0,0,0,0,0,0,1388,1430,1347,1347,1347,1404,1481,1485,1656,2078,2621,3169,3412,3567,3746,3845,4157,4767,4761,4743,4418,4789,5021,5202,5106,5308,5627,5789,5735,6015,6289,6965,7365,8545,9301,10073,10464,11497,11758,12085,14295,13906,14243,14386,14344,15466,16424,18363,18323,0
Dominican Republic,..,..,..,..,..,..,..,..,..,..,..,4692,4862,4793,4962,5031,5221,5221,5304,5443,5198,5918,6936,6444,7071,4253,4182,4149,3313,3139,2920,2864,2895,3105,3339,3183,3086,3146,3506,3498,3740,3691,3798,3693,3811,3699,3682,3745,3680,3603,3657,3566,3660,3574,3675,3500,3692,4012,4072,..
Ecuador,..,..,..,..,..,..,..,..,..,..,..,5167,5149,4909,4865,4818,4726,4662,4513,4534,4602,4452,4953,4944,5145,4977,4738,5070,5211,5052,4458,4618,3740,3641,3534,3775,3884,3107,3605,3372,3246,3112,2994,2912,3087,3485,2808,3303,2708,2250,2240,2344,2329,2251,2562,2520,2551,2675,2462,0
Egypt,..,..,..,..,..,..,..,..,..,..,..,4149,4195,4237,4273,4288,4288,4301,4333,4365,4389,4469,4535,4592,4670,4691,4688,4707,4770,4840,4883,4987,5248,5270,5263,5295,5316,5426,5536,5614,5742,5846,5757,5919,6096,6177,6351,6401,6365,6467,6486,6599,6636,6546,6563,6590,6691,6745,6800,..
El Salvador,..,..,..,..,..,..,..,..,..,..,..,5662,5880,6036,6296,6524,6679,6937,7122,7279,6596,6631,6763,7000,7137,7236,5695,6168,5399,5365,5541,5788,5996,5932,5945,5969,6001,6095,6225,6236,2626,2745,2847,3018,3228,3422,3637,2691,2837,3111,3122,2720,3050,2402,1955,2058,2207,2575,2458,0
Equatorial Guinea,..,..,..,..,..,..,..,..,..,..,..,..,..,..,..,..,..,..,..,..,..,67,74,75,75,81,81,81,88,88,87,87,87,94,94,94,94,88,87,87,139,70,163,163,173,172,172,172,182,181,181,181,187,156,156,155,162,168,174,..
Eritrea,..,..,..,..,..,..,..,..,..,..,..,..,..,..,..,..,..,..,..,..,..,..,..,..,..,..,..,..,..,..,..,..,2593,2593,2604,2685,2758,2844,1794,1849,1901,1979,2045,2099,1548,1613,1663,1709,1754,1813,1856,1833,1804,1787,1780,1782,1792,1767,1752,..
Estonia,..,..,..,..,..,..,..,..,..,..,..,..,..,..,..,..,..,..,..,..,..,..,..,..,..,..,..,..,..,..,881,877,1014,963,1404,1570,2843,2822,2372,2429,2397,2527,2563,2693,2791,2721,2443,2766,2967,3268,3869,3758,3850,3758,3759,3918,4265,4459,4966,0
Ethiopia,..,..,..,..,..,..,..,..,..,..,..,45962,47363,48769,50063,51171,52052,52757,53412,54190,55219,56545,58131,59933,61868,63878,65942,68084,70328,72707,75246,77953,80802,83743,86704,89637,92524,95372,98217,101102,104058,107096,110213,113402,116652,119961,123327,126760,130351,133366,137145,141030,144890,148727,152973,155944,159532,163280,167620,..
Finland,22558,22427,22015,21792,21790,21650,21341,20648,20085,19981,19596,18987,18602,18486,18091,14868,14839,14451,15119,15966,16237,16762,15904,17514,18909,17580,17534,18606,18434,19927,21359,19603,19132,21065,22420,23514,24064,26648,27868,28800,30324,29656,32050,32744,34404,32129,35912,34576,35574,31829,37695,37275,39010,39934,41013,40141,41406,43423,44764,0
France,0,0,0,0,0,0,0,0,0,0,43443,43715,44172,45399,41035,42607,40866,41509,42763,44089,40052,38679,39526,43803,44631,50061,48744,51248,47838,47259,48375,55841,54320,52353,47479,48632,52272,48081,48104,46174,44743,45442,43467,46081,46838,49291,45019,48404,53364,55385,61761,52606,58847,63656,58241,61944,66560,65791,65928,0
Gabon,..,..,..,..,..,..,..,..,..,..,..,2281,2329,2381,2437,2497,2555,2608,2661,2717,2773,2833,2896,2959,3025,3094,3152,3211,3272,3337,3483,3620,3721,3806,3808,3920,3979,4034,4132,4227,4337,4445,6056,7667,9279,10891,12504,14117,15732,17347,18963,13793,11339,18780,17544,17846,17769,17614,17383,..
Georgia,..,..,..,..,..,..,..,..,..,..,..,..,..,..,..,..,..,..,..,..,..,..,..,..,..,..,..,..,..,..,2149,2022,3160,4845,1361,3160,4482,3675,3294,3160,3026,3026,3026,3026,3026,1637,1749,1848,1773,1791,1684,1477,1438,2256,2181,1867,1812,1704,1269,0
Germany,0,0,0,0,0,0,0,0,0,0,11891,11892,12651,11718,13363,13177,13358,13326,13380,13726,17189,18555,19919,19828,21417,21723,17326,16389,17881,17045,16824,16635,16844,16999,17199,17217,17692,23476,25422,25271,26943,28130,29675,43382,49799,58713,71970,80002,83937,82645,95080,92035,102195,103690,97919,98516,96914,98072,96261,0
Ghana,..,..,..,..,..,..,..,..,..,..,..,8108,8578,9071,9173,9448,9719,10004,10264,10517,10801,11055,11328,11633,11840,12213,12607,13012,13436,13875,14248,14792,15278,15782,16308,16756,17156,17553,18015,18410,15534,14631,13800,13045,12362,11747,11206,10817,11550,11425,11299,11807,11854,12249,12766,12736,12716,12934,12767,..
Gibraltar,..,..,..,..,..,..,..,..,..,..,..,0,0,0,0,0,0,0,0,0,0,0,0,0,0,0,0,0,0,0,0,0,0,0,0,0,0,0,0,0,0,0,0,0,0,0,0,0,0,0,0,0,0,0,0,0,0,0,0,..
Greece,0,0,0,0,0,0,0,0,0,0,2110,2110,2110,2110,2110,2110,2110,2110,2110,2110,2110,2110,2110,2110,2110,2110,2110,2345,2345,2171,4188,4205,4214,4218,4191,4208,4258,4272,4254,4273,4432,4472,4554,4336,4381,4563,4579,5267,4698,4332,4549,5535,6106,5156,5190,5634,4939,4992,4924,0
Guatemala,..,..,..,..,..,..,..,..,..,..,..,8274,8523,8796,9056,10664,11308,11530,11573,11726,10832,11226,11656,11434,11686,11918,12222,12642,12868,13406,13992,14253,14665,14435,14280,14793,14981,15611,15757,18271,18263,18639,23007,23626,24591,24694,24754,26183,26117,27455,29835,30347,32151,32784,33753,34076,36771,37470,37820,0
Haiti,..,..,..,..,..,..,..,..,..,..,..,6265,6422,6511,6671,6818,6970,7118,7310,7541,7711,6982,7050,7146,7174,7220,6518,6567,6625,6667,7297,7398,7441,7582,7709,7876,8036,8265,8407,8532,8670,8809,8870,9021,9302,9568,9849,10130,10217,10524,10760,11112,11468,11482,11355,11651,11819,11956,12133,..
Honduras,..,..,..,..,..,..,..,..,..,..,..,4604,4702,4773,4900,4996,5100,5246,5368,5495,5800,5870,6020,6125,6180,6300,6297,6558,6673,6784,6964,6982,6999,7015,7036,7052,7083,8015,8065,6470,6280,6298,6657,7072,7488,8167,8634,9246,9236,9482,9857,10167,10885,10502,11366,11678,12200,9013,10387,..
Hong Kong (China),..,..,..,..,..,..,..,..,..,..,..,166,147,144,138,112,132,138,140,142,144,139,144,150,143,131,131,123,110,124,105,112,104,110,97,91,86,74,61,62,41,44,54,55,54,48,45,127,160,156,149,220,155,155,175,226,242,250,247,..
Hungary,..,..,..,..,..,2868,2561,2623,2274,2976,2271,2491,2526,2915,2816,2099,2439,2277,2118,2466,2332,2563,2496,2500,3019,2670,2318,2366,2046,2247,2979,3209,3225,3339,3359,3591,3523,3436,3438,3464,3403,3566,3604,3745,3932,7384,7416,8169,8329,10839,11830,12226,12486,13158,11984,12652,12420,12130,11151,0
Iceland,0,0,0,0,0,0,0,0,0,0,0,0,0,0,0,0,0,0,0,0,0,0,0,0,0,0,0,0,0,0,0,0,0,2,2,2,2,2,2,2,3,3,4,4,5,6,6,13,9,3,3,3,4,59,58,95,103,138,167,0
India,..,..,..,..,..,..,..,..,..,..,..,438902,449015,459312,469870,480736,491888,503304,514965,526838,534005,541267,548606,556043,563592,571242,579007,586875,594861,602960,611174,619504,627946,631181,634426,640571,646574,653110,659625,670989,680530,693284,706675,720293,733623,728244,703600,737153,772113,807769,845154,883399,870329,855463,838541,819552,856532,847744,845344,0
Indonesia,..,..,..,..,..,..,..,..,..,..,..,118879,120610,122377,123749,126152,128326,130637,133062,135324,137591,140121,142690,145221,147706,150088,152433,154872,157546,160063,196943,200688,204162,207616,210705,213173,214726,219964,222790,225284,230964,230726,231418,232446,232119,230745,235579,236049,236464,224314,212117,202097,192301,185240,179209,168871,166029,159095,146193,0
Islamic Republic of Iran,..,..,..,..,..,..,..,..,..,..,..,423,360,409,451,474,435,458,383,329,331,475,478,560,641,793,804,633,896,666,762,801,924,1026,1122,1040,1079,975,771,682,634,611,465,425,419,2715,2708,2857,2896,2898,2899,2361,2373,2371,2399,2378,2384,2397,2378,0
Iraq,..,..,..,..,..,..,..,..,..,..,..,69,61,73,65,68,65,82,82,58,51,48,51,51,51,54,54,58,58,55,61,61,65,65,67,70,57,57,62,62,66,67,67,71,72,72,76,77,78,82,83,83,87,88,93,93,97,99,99,..
Ireland,0,0,0,0,0,0,0,0,0,0,0,0,0,0,0,0,0,0,0,0,0,0,0,0,0,0,0,0,0,0,500,479,423,429,431,424,468,491,586,556,595,653,642,616,730,916,946,1026,1102,1247,1395,1261,1419,1561,1786,1727,2018,2291,2448,0
Israel,..,..,..,..,..,..,..,..,..,..,..,17,17,14,12,13,12,12,12,12,12,12,12,12,12,12,12,12,12,8,14,14,18,21,14,28,28,34,38,38,34,40,33,42,51,56,58,78,99,134,134,146,125,102,133,127,140,149,145,0
Italy,0,0,0,0,0,0,0,0,0,0,1424,1020,1159,1143,5650,5145,4855,4354,3780,3962,4182,4454,4263,4374,4576,3977,4795,4568,4775,3866,3455,4159,4885,4591,5531,5562,5442,6165,6577,7301,8262,8895,13580,21591,18386,26596,30689,39234,47376,49053,49364,41193,51461,55130,51738,54453,53455,56010,54089,0
Jamaica,..,..,..,..,..,..,..,..,..,..,..,1287,1301,1181,1240,1178,1193,1097,1186,1038,1049,1042,1100,1106,1067,973,982,994,1006,1232,1300,1270,1240,1169,1197,1146,1175,1201,1017,1014,1023,905,903,904,846,689,784,839,757,678,734,879,966,1010,1036,1001,921,821,783,..
Japan,0,0,0,0,0,0,0,0,0,0,0,0,0,0,0,0,0,0,0,0,0,0,17695,18642,20151,20825,21127,22111,23587,24897,21352,21462,21056,20125,20424,21218,21299,22054,20445,21375,22008,20168,23801,24732,26439,31288,32149,34966,32500,30314,36436,35635,35175,37856,37908,39200,35254,39785,41663,0
Jordan,..,..,..,..,..,..,..,..,..,..,..,4,4,4,4,4,5,3,3,3,3,4,8,9,9,9,9,9,10,10,10,11,11,11,12,12,12,14,14,14,16,18,18,19,19,19,20,23,23,23,25,25,28,28,29,22,227,290,338,..
Kazakhstan,..,..,..,..,..,..,..,..,..,..,..,..,..,..,..,..,..,..,..,..,..,..,..,..,..,..,..,..,..,..,538,538,538,370,358,370,347,347,344,344,344,90,107,124,99,54,96,120,328,312,236,368,279,309,147,402,527,495,343,0
Kenya,..,..,..,..,..,..,..,..,..,..,..,12626,13091,13582,14094,14631,15193,15779,16388,17027,17692,18389,19112,19860,20631,21419,22224,23042,23873,24716,25565,26424,27289,28161,28897,29767,30643,31524,32415,33320,34251,35185,36147,37136,38155,39221,40309,41440,42591,43903,45090,46332,47535,48771,49971,51209,52458,53710,54960,..
Korea,..,..,..,..,..,..,..,..,..,..,..,0,0,0,0,0,0,0,0,0,0,0,0,0,0,0,0,0,0,0,2064,1411,1093,847,647,721,1673,1736,1833,1638,1643,1695,2131,2243,2186,2979,3371,3702,3913,4388,5027,4926,6617,7749,13435,12930,13133,13985,15883,0
Kosovo,..,..,..,..,..,..,..,..,..,..,..,..,..,..,..,..,..,..,..,..,..,..,..,..,..,..,..,..,..,..,..,..,..,..,..,..,..,..,..,..,994,1003,1009,1014,1014,1014,1014,1014,1093,1101,1108,1135,1161,1161,1179,1235,1716,1740,1769,0
Kuwait,..,..,..,..,..,..,..,..,..,..,..,52,17,110,38,38,38,3,3,14,17,17,17,7,28,28,28,28,28,28,28,28,38,17,10,31,17,0,0,0,0,0,0,0,0,0,0,0,0,0,0,0,0,0,0,0,0,0,0,..
Kyrgyzstan,..,..,..,..,..,..,..,..,..,..,..,..,..,..,..,..,..,..,..,..,..,..,..,..,..,..,..,..,..,..,24,22,21,15,19,17,17,17,17,17,17,17,17,17,17,17,17,17,17,17,17,18,18,16,14,14,5,7,10,0
Lao People's Democratic Republic,..,..,..,..,..,..,..,..,..,..,..,..,..,..,..,..,..,..,..,..,..,..,..,..,..,..,..,..,..,..,..,..,..,..,..,..,..,..,..,..,5508,5638,5770,5909,6055,6199,6344,6871,7414,7272,7101,6929,6678,6649,6717,6786,6727,6784,6768,..
Latvia,..,..,..,..,..,..,..,..,..,..,..,..,..,..,..,..,..,..,..,..,..,..,..,..,..,..,..,..,..,..,3080,3612,3602,4012,4159,4715,4928,4941,4876,4787,4446,4932,4902,5173,5460,5508,5547,5417,5127,5851,5181,5320,6014,6109,6439,6103,6264,6928,7416,0
Lebanon,..,..,..,..,..,..,..,..,..,..,..,452,466,475,502,510,511,517,512,501,497,495,495,495,496,496,497,498,499,509,424,438,439,451,467,485,500,507,537,555,548,606,636,669,684,704,714,708,672,575,622,631,644,619,635,582,599,606,708,..
Libya,..,..,..,..,..,..,..,..,..,..,..,455,475,494,514,534,551,569,586,586,586,586,586,586,586,586,586,586,586,586,586,586,586,586,586,586,599,613,626,640,655,975,993,1011,1025,1043,1057,1075,1089,1105,1116,1125,1137,1145,1153,1167,1180,1194,1210,..
Lithuania,..,..,..,..,..,..,..,..,..,..,..,..,..,..,..,..,..,..,..,..,..,..,..,..,..,..,..,..,..,..,1335,1335,1336,1994,2062,2163,2370,2425,2674,2772,3025,3291,3553,3752,3930,3974,4174,4203,4457,4574,4562,4450,4906,5062,5365,5967,6003,6401,6338,0
Luxembourg,0,0,0,0,0,0,0,0,0,0,0,0,0,0,0,0,0,36,37,38,44,44,43,43,48,49,37,51,57,58,51,52,126,124,123,121,110,116,112,115,114,121,119,136,154,247,254,417,430,401,420,408,419,458,585,638,677,789,893,0
Malaysia,..,..,..,..,..,..,..,..,..,..,..,4117,4105,4062,4022,4044,3977,3921,3910,3826,3770,3780,3773,3738,3710,3686,3657,3621,3602,3588,3569,3430,3391,3388,3343,3306,3289,3245,3204,3159,3114,3073,3032,2990,2947,2906,2883,2916,2909,2761,2423,2424,2138,2710,2083,2303,2310,2338,2986,..
Malta,..,..,..,..,..,..,..,..,..,..,..,0,0,0,0,0,0,0,0,0,0,0,0,0,0,0,0,0,0,0,0,0,0,0,0,0,0,0,0,0,0,0,0,0,0,0,0,0,0,0,5,11,18,23,30,30,29,32,39,0
Mauritius,..,..,..,..,..,..,..,..,..,..,..,1296,1277,1257,1238,1220,1201,1181,1164,1149,1128,1109,1094,1079,1070,1132,1210,1244,1141,1215,1365,1299,1328,1265,1144,1296,1253,1355,1370,1019,1197,1285,1175,1199,1240,1181,1159,1115,1188,1054,1087,1057,1011,989,949,1119,1005,950,886,..
Mexico,..,..,..,..,..,..,..,..,..,..,..,28006,28155,29116,29639,29561,29631,30080,31507,32317,32252,31781,32336,32738,33640,33695,34559,35801,34779,34649,40111,41266,41718,41383,39723,41288,41310,42439,42884,42190,41906,40464,39878,40055,40314,41627,40649,40691,39987,37320,37931,37223,38115,41690,40774,40285,40473,42379,42796,0
Republic of Moldova,..,..,..,..,..,..,..,..,..,..,..,..,..,..,..,..,..,..,..,..,..,..,..,..,..,..,..,..,..,..,291,292,292,292,291,290,289,286,276,273,279,283,325,377,359,315,371,311,362,362,2399,2531,2697,2737,2945,3025,3247,3552,3663,0
Mongolia,..,..,..,..,..,..,..,..,..,..,..,..,..,..,..,..,..,..,..,..,..,..,..,..,..,246,246,246,246,246,246,246,250,253,253,253,253,257,257,257,392,449,499,499,499,499,499,541,546,540,545,548,434,434,434,434,434,430,430,..
Montenegro,..,..,..,..,..,..,..,..,..,..,..,..,..,..,..,..,..,..,..,..,..,..,..,..,..,..,..,..,..,..,..,..,..,..,..,..,..,..,..,..,..,..,..,..,..,671,686,715,715,748,755,815,825,786,770,794,781,768,706,..
Morocco,..,..,..,..,..,..,..,..,..,..,..,2989,3056,3121,3188,3258,3331,3408,3492,3576,3662,3751,3846,3938,4031,4121,4210,4299,4383,4467,4554,4925,4988,5066,5135,5240,5320,5394,5464,5530,5593,5652,5707,5763,10450,9784,9045,8387,7681,6897,6622,6376,6152,6001,5930,5932,5847,5776,5652,0
Mozambique,..,..,..,..,..,..,..,..,..,..,..,22045,21887,21781,21756,21822,21739,21737,21793,21886,21997,21940,21927,21923,21871,21755,21513,21257,21007,20776,20602,20565,20673,20920,21235,21618,22004,22380,26922,27469,27826,23705,25915,28726,29582,30294,29401,17234,17942,16907,15869,16815,21839,24688,22569,22996,12264,11105,11433,..
Myanmar,..,..,..,..,..,..,..,..,..,..,..,27121,27769,28519,29092,29693,30234,30762,31273,31831,32315,32865,33447,34079,34701,37217,37596,38199,38354,39192,39344,38722,39748,38916,41109,41395,40833,41574,42330,41908,42299,43237,44200,45467,46499,47046,48091,48317,48493,48681,48968,49225,49508,49822,50147,50454,50757,51061,51182,0
Namibia,..,..,..,..,..,..,..,..,..,..,..,..,..,..,..,..,..,..,..,..,..,..,..,..,..,..,..,..,..,..,..,643,647,659,664,669,684,691,688,686,855,854,848,859,859,863,867,872,880,1020,886,879,882,904,915,928,933,933,936,..
Nepal,..,..,..,..,..,..,..,..,..,..,..,16844,17210,17589,17978,18381,18793,19220,19656,20105,20567,21009,21460,21920,22391,22872,23363,23865,24378,24902,25437,25985,26544,27113,27699,28299,28912,29540,30180,30835,32664,33505,34686,35446,36213,37005,37650,38425,39248,39690,40060,41113,37992,42793,43362,43944,44375,45101,45854,..
Netherlands,0,0,0,0,0,0,0,0,0,0,0,0,0,0,0,794,780,843,1143,1025,950,853,244,213,16,359,450,572,1566,1626,3127,3118,3136,3340,3316,3561,4066,4419,4633,4867,5194,5544,6090,5825,6718,8364,8564,8757,10066,11476,11841,12097,12427,11414,10990,10886,11005,11214,11876,0
New Zealand,0,0,0,0,0,0,0,0,0,0,0,0,0,0,1881,1963,2020,2222,2248,2195,2412,2421,2322,2313,2462,2437,2413,2518,2632,2666,3449,3524,3524,3713,3898,4012,3850,4044,4293,4763,5203,5151,5536,5575,5991,5971,5939,5692,5308,4924,5514,5580,5549,5267,5322,5381,5347,5631,5526,0
Nicaragua,..,..,..,..,..,..,..,..,..,..,..,3178,3207,3329,3462,3628,3818,3880,3915,3834,3915,4019,4224,4147,4357,4595,4306,4436,4426,4518,4758,4984,4828,4845,4881,5043,5269,5665,5574,5369,5546,5085,5041,5041,5471,5467,5740,6057,5985,5919,6170,6076,6399,6541,6722,6593,6726,6981,7014,..
Niger,..,..,..,..,..,..,..,..,..,..,..,..,..,..,..,..,..,..,..,..,..,..,..,..,..,..,..,..,..,..,..,..,..,..,..,..,..,..,..,..,5639,5840,6036,6238,6424,6641,6832,7073,7319,7546,7773,6368,6955,9310,9678,10060,10395,10801,11222,..
Nigeria,..,..,..,..,..,..,..,..,..,..,..,141374,144889,148586,152584,156385,160630,165018,169312,174154,179151,183843,188982,194211,199747,205446,211056,216800,222714,228604,241663,247872,254224,260765,267669,274779,282113,289666,297451,305593,314121,322833,331653,341451,350819,361410,372573,387556,398760,410199,426623,442866,464463,470065,469200,481779,493217,505661,518692,..
Republic of North Macedonia,..,..,..,..,..,..,..,..,..,..,..,..,..,..,..,..,..,..,..,..,..,..,..,..,..,..,..,..,..,..,0,0,879,906,875,875,875,875,714,846,996,697,689,802,801,968,970,899,903,925,906,978,1065,1047,1103,1088,939,1104,943,0
Norway,0,0,0,0,0,0,0,0,0,0,0,0,0,0,0,0,1994,2114,2225,2644,2743,2999,2923,3039,3248,3634,3839,3988,3917,4030,4557,4278,4205,4599,4977,4995,4860,5115,5636,6643,5952,5255,5531,5696,5488,5805,5683,5612,5970,5813,6970,6969,6702,6180,5084,5532,6097,6731,6480,0
Oman,..,..,..,..,..,..,..,..,..,..,..,0,0,0,0,0,0,0,0,0,0,0,0,0,0,0,0,0,0,0,0,0,0,0,0,0,0,0,0,0,0,0,0,0,0,0,0,0,0,0,0,0,0,0,0,0,0,0,0,..
Pakistan,..,..,..,..,..,..,..,..,..,..,..,49001,50593,52235,53914,55625,57362,59118,60908,62752,64667,66492,68426,70421,72538,74646,76901,79198,81514,83966,86517,89002,91267,94047,96489,98897,100914,102952,105209,107839,110733,113562,116339,119094,121871,124703,127597,130542,133531,136547,139580,142626,145691,148789,151934,156259,159960,163717,167192,..
Panama,..,..,..,..,..,..,..,..,..,..,..,1524,1513,1521,1631,1689,1783,1849,1902,1944,1946,2071,2070,2095,2117,1981,1920,1936,1923,1972,1899,1925,2076,2094,1998,1773,1986,2039,2062,2075,1288,1486,1484,1483,1491,1474,1517,1511,1441,1394,1453,1511,1532,1622,1582,1517,1517,1482,1465,..
Paraguay,..,..,..,..,..,..,..,..,..,..,..,5324,5395,5749,5816,5541,5835,5961,6422,6578,7136,7198,7329,7674,7561,7649,7918,9158,9541,10048,10116,10599,9865,9556,10125,10911,11557,12046,11360,10403,10239,10350,9776,9880,9824,9852,9291,9302,9694,9813,10040,9707,9637,9269,9603,9672,12801,12853,12730,0
Peru,..,..,..,..,..,..,..,..,..,..,..,15244,15394,15582,15823,15402,15492,15666,15676,15566,15302,15441,16058,16218,16397,16332,15161,14196,13290,12653,12242,11764,11362,10902,10714,10615,10416,10391,15164,14763,15218,15343,15143,15088,14903,14882,14791,14847,15564,15965,15979,15586,15802,15732,16354,15182,15036,14417,14513,0
Philippines,..,..,..,..,..,..,..,..,..,..,..,28936,29795,30699,31637,32601,33592,34338,35100,35879,36677,37926,38464,40081,40581,41488,42073,41042,41311,41551,43430,41552,40581,39611,38643,37673,36536,35402,34266,33285,32318,31353,30400,29450,28510,27586,26999,26628,26214,26133,25713,25725,24895,25796,26228,26852,27589,28478,27890,0
Poland,3973,4028,4081,4134,4187,4238,4369,4668,4883,5083,4354,4980,5582,4850,4982,4970,4657,4470,4032,3624,3910,5195,4599,4871,5774,6142,9419,8368,7767,7339,6813,5771,6395,17805,17261,17602,17321,17300,17381,16667,16891,18047,18373,18551,19193,19821,20710,21072,23806,26452,30354,32942,35680,34829,34397,34911,33257,32561,33545,0
Portugal,3311,3312,3299,3276,3250,3509,3460,3387,3409,3471,3499,3293,3033,2996,2950,3014,2972,3118,3430,3618,3368,3471,3667,3889,3846,4329,4772,4945,5006,8801,11614,11674,11417,11460,11552,11944,11551,11988,11913,12254,12535,12476,12832,12835,12987,13180,13461,13997,13919,14532,13549,13759,12139,12388,12404,12668,12750,12855,13059,0
Qatar,..,..,..,..,..,..,..,..,..,..,..,0,0,0,0,0,0,0,0,0,0,0,0,0,0,0,0,0,0,0,0,0,0,0,0,0,0,0,0,0,0,0,0,0,0,0,0,0,0,0,0,0,0,0,0,0,0,0,0,..
Romania,..,..,..,..,..,..,..,..,..,..,..,6503,6890,6420,5774,5902,5619,5501,5628,4504,4481,4341,4992,4992,4540,5595,5067,4468,4201,3052,2822,3333,3701,4882,5639,6332,11957,15600,13998,13208,12949,10003,11026,13332,14616,14972,14687,15342,18188,18153,18961,17129,18056,17351,17457,17031,17629,18000,17532,0
Russian Federation,..,..,..,..,..,..,..,..,..,..,..,..,..,..,..,..,..,..,..,..,..,..,..,..,..,..,..,..,..,..,57125,53900,50432,48342,32556,29043,24799,21313,17625,23319,18269,17684,16538,16382,16036,16377,15704,17627,14813,13609,13826,14174,14681,14185,12987,13179,13294,12222,12572,0
Saudi Arabia,..,..,..,..,..,..,..,..,..,..,..,7,7,7,5,5,10,7,13,14,7,21,38,38,38,14,41,41,41,57,57,57,38,28,60,49,20,18,21,21,21,21,24,24,25,25,25,28,28,28,28,31,31,32,32,35,35,35,36,..
Senegal,..,..,..,..,..,..,..,..,..,..,..,2619,2640,2661,2682,2707,2727,2747,2768,2788,2809,2832,2852,2873,2894,2915,2940,2962,2988,3011,3037,3059,3080,3104,3127,3215,3308,3400,3497,3599,3507,3576,3627,3552,3535,3492,3786,4024,4248,6177,6127,6316,6434,5159,5821,5524,5460,4448,4568,..
Serbia,..,..,..,..,..,..,..,..,..,..,..,..,..,..,..,..,..,..,..,..,..,..,..,..,..,..,..,..,..,..,5482,4751,3530,3530,3450,3450,3450,3450,3450,3450,3763,3763,3763,3763,3763,3763,3763,3765,3771,4949,4816,4798,4811,4842,4860,4876,4894,4931,4957,0
Singapore,..,..,..,..,..,..,..,..,..,..,..,47,33,20,10,23,31,49,36,39,24,26,26,25,26,0,147,147,147,147,147,423,423,423,423,423,423,423,423,423,423,817,817,855,827,825,824,841,905,919,1230,1263,1259,1472,1562,1585,1697,1656,1602,0
Slovak Republic,..,..,..,..,..,..,..,..,..,..,..,952,963,853,758,758,832,800,869,834,771,735,659,581,571,605,605,645,671,602,780,665,552,805,802,364,353,390,338,334,428,1498,1314,1570,1703,1842,1987,2440,2564,3302,3797,4033,4175,4046,4189,4949,4744,4805,5027,0
Slovenia,..,..,..,..,..,..,..,..,..,..,..,..,..,..,..,..,..,..,..,..,..,..,..,..,..,..,0,0,0,0,1252,1254,1249,1239,1234,1233,1232,1231,1232,1081,2139,2099,2007,2141,2187,2217,2136,2079,2303,2987,3108,3083,3001,3148,2700,2925,2979,2911,2854,0
South Africa,..,..,..,..,..,..,..,..,..,..,..,21807,22839,23661,25040,27342,26179,25733,25759,26179,26545,28675,29235,28898,31583,31137,31809,33265,34271,35392,36178,36850,37406,38082,38864,39648,40323,40965,41705,41897,37426,34954,32388,32445,32348,29912,29149,29853,33337,32832,31633,30999,30036,29044,28562,28312,28485,28547,28343,0
South Sudan,..,..,..,..,..,..,..,..,..,..,..,..,..,..,..,..,..,..,..,..,..,..,..,..,..,..,..,..,..,..,..,..,..,..,..,..,..,..,..,..,..,..,..,..,..,..,..,..,..,..,..,..,769,733,747,726,733,619,623,..
Spain,0,0,0,0,0,0,0,0,0,0,51,57,66,61,56,123,204,337,344,230,1249,1475,1612,1611,1889,2083,2109,2243,2365,16600,18743,17609,16104,16145,16268,16041,16184,16473,17166,17529,17983,18318,19086,20680,21113,21834,21767,22788,23433,26597,27055,29326,31183,29278,28844,28805,29420,30778,31785,0
Sri Lanka,..,..,..,..,..,..,..,..,..,..,..,12843,12843,13071,13164,14188,14377,13833,14159,14390,14454,14844,15176,15299,16434,16540,17078,17604,18016,18304,18262,18331,18963,18338,17150,17132,18471,19063,18781,19715,20835,20031,20126,20439,21068,21616,22147,22041,21548,22309,23409,23153,26224,22383,22838,22453,21776,21516,21703,..
Sudan,..,..,..,..,..,..,..,..,..,..,..,13083,13337,13613,13909,14223,14620,15029,15452,15881,16311,16754,17195,17979,18060,18467,18832,19178,19509,19831,20140,20422,20705,20990,23628,23852,25326,25895,26473,27024,27251,28067,28660,29312,29960,30611,32595,30071,29744,30595,31122,31296,31171,31373,31579,31786,31994,32209,32941,..
Suriname,..,..,..,..,..,..,..,..,..,..,..,..,..,..,..,..,..,..,..,..,..,..,..,..,..,..,..,..,..,..,..,..,..,..,..,..,..,..,..,..,208,211,129,121,122,118,121,124,127,129,132,132,141,150,145,144,126,128,128,..
Sweden,11957,12004,12098,12192,12426,12520,12286,12520,12520,13317,13646,13552,13552,16623,16600,16727,16506,15878,17415,18489,18943,19611,18945,21331,23259,24490,24551,24845,25303,24966,24747,25962,26931,28627,29722,32530,34498,35278,35146,33415,37052,34432,34287,35890,36585,39217,41449,43289,43199,45029,49759,45683,50209,49167,48396,49996,51856,53390,52627,0
Switzerland,1625,1592,1805,1805,1805,1887,1641,1600,1527,1379,1132,1083,1034,1132,935,935,935,935,1769,2060,2137,2641,2916,2341,2398,2674,2907,2931,2957,2985,4454,4812,4690,4730,4585,4764,5094,4688,4854,5108,5039,5275,5248,5461,5480,5747,6016,5997,6455,6611,7038,6569,7159,7548,6893,7221,7782,8039,7859,0
Syrian Arab Republic,..,..,..,..,..,..,..,..,..,..,..,3,6,16,4,10,2,9,4,14,13,14,11,11,12,12,12,12,11,13,10,21,23,21,21,21,21,21,21,22,22,23,23,23,24,25,25,26,27,28,28,28,27,26,25,24,23,23,23,..
Chinese Taipei,..,..,..,..,..,..,..,..,..,..,..,0,0,0,0,0,0,0,0,0,0,0,0,0,0,0,0,0,0,0,0,0,0,0,0,0,0,858,1018,1234,1714,1900,1975,2400,2878,3578,3633,3730,3832,3541,3789,3781,3866,3841,3816,3825,3587,3437,3581,..
Tajikistan,..,..,..,..,..,..,..,..,..,..,..,..,..,..,..,..,..,..,..,..,..,..,..,..,..,..,..,..,..,..,0,0,0,0,0,0,0,0,0,0,0,0,0,0,0,0,0,0,0,0,0,0,0,0,0,0,0,0,0,0
United Republic of Tanzania,..,..,..,..,..,..,..,..,..,..,..,29373,29421,29539,29724,29979,30048,30201,30425,30710,31049,31688,32354,33048,33770,34510,35221,35959,36718,37503,38306,39104,39926,40768,41518,42321,43082,43901,46508,49312,52344,53030,53757,54523,55325,56159,56994,57863,58772,59721,60850,61826,62832,63906,64997,66141,67187,68268,70329,..
Thailand,..,..,..,..,..,..,..,..,..,..,..,21535,21937,22547,24782,30327,31694,33004,31504,33579,31363,33720,36117,25676,28135,31697,33753,34995,36230,42574,43376,45305,47466,42038,40730,43781,46206,45023,41835,46128,46080,42604,46120,51367,55445,57859,58647,63228,68315,71002,77152,74492,81710,85596,90843,88901,109616,102621,105574,0
Togo,..,..,..,..,..,..,..,..,..,..,..,1760,1806,1851,1867,1909,1958,2003,2051,2106,2162,2223,2291,2359,2433,2508,2592,2728,2812,2899,3041,3142,3252,3352,3450,3571,3701,3795,3911,4403,4516,4629,4746,4862,4983,5136,5234,5414,5492,5916,6089,6262,6442,6595,6756,6890,7083,6817,7251,..
Trinidad and Tobago,..,..,..,..,..,..,..,..,..,..,..,171,180,107,160,146,168,158,152,148,134,128,129,130,129,192,272,310,266,250,300,266,266,252,278,189,194,206,204,213,92,84,196,171,174,177,136,113,112,112,57,56,56,55,55,54,54,53,52,..
Tunisia,..,..,..,..,..,..,..,..,..,..,..,1602,1624,1649,1677,1707,1747,1791,1839,1888,1937,1987,2038,2090,2132,2197,2266,2321,2371,2399,2454,2508,2559,2606,2741,2872,3003,3134,3265,3396,3527,3657,3788,3919,4053,4194,4339,4487,4641,5054,4068,4069,4085,4087,4078,4048,4047,4028,4043,0
Turkey,27573,27905,27873,27380,27648,27535,27873,28032,27990,27854,28009,27193,29295,30259,30833,31984,32946,33735,34933,36304,36020,36217,37169,37778,37187,36332,37011,37015,37166,37152,33793,33813,33796,33512,33475,33137,33031,32933,32740,31857,30461,29324,28142,27028,26006,24986,24153,23494,22454,21645,21039,16803,16773,17099,15631,14139,13371,12740,9751,0
Turkmenistan,..,..,..,..,..,..,..,..,..,..,..,..,..,..,..,..,..,..,..,..,..,..,..,..,..,..,..,..,..,..,0,0,0,0,0,0,0,0,41,41,41,41,42,42,42,42,49,49,49,49,49,49,43,47,47,47,47,48,48,..
Ukraine,..,..,..,..,..,..,..,..,..,..,..,..,..,..,..,..,..,..,..,..,..,..,..,..,..,..,..,..,..,..,1462,1349,1234,1178,1161,1192,1194,1189,1206,1185,1171,1122,1115,1080,1101,1044,2639,6500,7321,6446,6641,6998,7082,7797,7990,8624,11773,12313,13290,0
United Arab Emirates,..,..,..,..,..,..,..,..,..,..,..,0,0,0,0,0,0,0,0,0,0,0,0,0,0,0,0,0,0,0,0,0,152,124,110,110,83,83,79,79,79,79,79,79,117,131,148,169,190,207,217,224,224,221,217,214,210,209,208,..
United Kingdom,0,0,0,0,0,0,0,0,0,0,0,0,0,0,0,0,0,0,0,0,0,0,0,0,0,0,0,0,0,943,2163,2253,3426,3708,5195,5531,5688,5936,5912,5688,6047,6256,6847,7855,8895,11200,11889,12244,16904,18746,21992,22302,23766,28661,33348,38542,40685,42451,48257,0
United States,151776,148900,149549,152213,153737,153403,157307,153970,163049,165503,164490,164704,172851,175862,177134,172428,197123,211492,234424,247573,255559,257563,261271,277601,310802,305325,311950,343145,339594,323481,270405,277001,309355,276475,281453,292639,300586,290855,298482,284896,291393,258384,253658,272898,290038,303523,306579,311005,322534,312600,338823,347267,357379,385950,396980,378537,374073,374411,403998,0
Uruguay,..,..,..,..,..,..,..,..,..,..,..,1841,1903,1892,1903,1980,2020,2086,2125,2123,2184,2370,2244,2334,2439,2615,2838,2873,2605,2634,2550,2631,2713,2647,2514,2389,2271,2281,2093,2097,2070,2066,2065,2134,2179,2293,2542,2829,4861,4934,6163,6224,6498,6801,7970,9444,9830,10117,10069,0
Uzbekistan,..,..,..,..,..,..,..,..,..,..,..,..,..,..,..,..,..,..,..,..,..,..,..,..,..,..,..,..,..,..,17,17,17,18,18,19,19,19,20,15,19,19,18,16,15,17,18,19,18,18,18,19,21,21,21,19,19,19,19,..
Bolivarian Republic of Venezuela,..,..,..,..,..,..,..,..,..,..,..,2222,2323,2169,2400,2302,2405,2168,2081,1948,2006,1877,2126,2139,2203,2528,2818,2976,2689,2852,2806,2907,2944,2804,2875,2974,3000,3127,3161,3091,3177,3260,3141,3052,3336,3534,3741,3942,4082,3923,3813,3827,3885,3852,3688,3546,3044,2708,2361,..
Viet Nam,..,..,..,..,..,..,..,..,..,..,..,36866,37736,38634,39556,40495,41446,42405,43367,44327,45273,46137,46951,47764,48641,49632,50795,52060,53338,54611,55650,56711,57867,60748,57094,56982,57105,58914,60714,61982,62930,63898,63889,66028,65452,65727,65596,65505,65395,65374,65314,65970,66645,67335,68033,63783,65335,63922,38144,..
Yemen,..,..,..,..,..,..,..,..,..,..,..,110,114,114,117,121,124,128,131,131,135,138,141,145,148,155,159,166,169,176,176,176,176,176,176,176,176,176,176,176,176,179,186,193,200,207,214,221,228,235,241,248,255,262,269,276,283,290,297,..
Zambia,..,..,..,..,..,..,..,..,..,..,..,7638,7901,8172,8453,8745,9043,9355,9672,10004,10351,10709,11087,11464,11855,12247,12748,13155,13553,13950,14339,14711,15077,15441,15823,16255,16529,16939,17379,17944,18465,19026,19577,20216,20887,21595,22365,23193,24048,25028,26140,27081,28197,29214,30241,31170,32172,33166,34210,..
Zimbabwe,..,..,..,..,..,..,..,..,..,..,..,14270,14559,14839,15123,15416,15701,16009,16346,16717,17122,17555,18028,18531,19051,19576,20086,20596,21103,21601,22086,22529,22948,23343,23759,24093,24381,24698,25175,25629,26117,26510,26909,27313,27724,28141,29459,29761,30225,30810,31308,31873,32502,33325,34199,35074,36362,37225,37849,..
Former Soviet Union (if no detail),..,..,..,..,..,..,..,..,..,..,..,94513,93419,91341,92763,89919,90138,88278,85106,85434,86309,88497,91122,87840,93201,94920,88279,94412,88692,81548,..,..,..,..,..,..,..,..,..,..,..,..,..,..,..,..,..,..,..,..,..,..,..,..,..,..,..,..,..,..
Former Yugoslavia (if no detail),..,..,..,..,..,..,..,..,..,..,..,7633,4006,3844,3734,3962,4179,4165,3684,3452,3089,3850,4491,4272,4621,4574,4657,4057,4160,4319,..,..,..,..,..,..,..,..,..,..,..,..,..,..,..,..,..,..,..,..,..,..,..,..,..,..,..,..,..,..
Other Africa,..,..,..,..,..,..,..,..,..,..,..,89531,91638,92472,93256,96530,98796,101661,104433,105971,109004,108236,111080,113409,115978,119121,122934,125997,129207,132995,152418,153454,147828,142799,166439,176260,176417,173758,176584,183436,172068,175963,177948,181356,187329,193985,198488,203749,209694,214840,214669,220190,225184,228979,229787,234082,242689,247843,255549,..
Other non-OECD Americas,..,..,..,..,..,..,..,..,..,..,..,2445,2019,1984,2130,1940,1992,1851,2068,2084,2004,1963,1981,1820,1774,1782,1901,1646,1522,1499,1940,1608,1762,1874,1866,1889,1996,2040,2096,2275,1913,1920,2046,1946,2113,1862,1871,1850,1588,1715,1843,1621,1444,1304,1355,1477,1410,1486,1481,..
Other non-OECD Asia,..,..,..,..,..,..,..,..,..,..,..,11086,11255,11461,11628,11787,11989,12126,12311,12570,12742,12812,12823,12934,12883,13034,13178,13364,13400,13479,14320,14423,14476,14654,14805,14933,17505,17665,17836,18166,13386,13378,13794,13832,13978,13956,14112,13979,13965,13935,13959,14129,14192,14337,14697,14681,14513,14702,15040,..
Memo: Greenland,..,..,..,..,..,..,..,..,..,..,..,..,..,..,..,..,..,..,..,..,..,..,..,..,..,..,..,..,..,..,..,..,..,..,..,..,..,..,..,..,..,..,..,..,19,19,17,19,19,17,19,19,22,25,20,21,20,20,21,..
Memo: Guyana,..,..,..,..,..,..,..,..,..,..,..,1396,1405,1418,1421,1437,1481,1300,1714,1782,1926,2367,2668,2273,2228,2207,2201,2111,1840,1795,1819,1089,1091,1093,1095,1094,1103,1118,1127,1136,1063,1097,1245,1165,1261,1069,1072,1071,1010,977,942,1104,937,812,759,806,740,736,561,..
Memo: Madagascar,..,..,..,..,..,..,..,..,..,..,..,4335,4451,4536,4653,4732,4841,4941,5100,5154,5319,5580,5711,5888,6043,6291,6477,6708,6935,7108,8565,8773,9036,9314,8068,10077,10129,10427,10728,11021,11358,11732,11530,12015,12374,12770,13171,13588,14092,14151,14502,14818,15163,15513,15912,16219,20218,20947,21278,..
Memo: Mali,..,..,..,..,..,..,..,..,..,..,..,..,..,..,..,..,..,..,..,..,..,..,..,..,..,..,..,..,..,..,..,..,..,..,..,..,..,..,..,..,6206,6333,6464,6594,6725,6866,7004,7151,7294,8992,9315,9482,9821,10168,10528,10906,11288,11699,12092,..
Memo: Palestinian Authority,..,..,..,..,..,..,..,..,..,..,..,..,..,..,..,..,..,..,..,..,..,..,..,..,..,..,..,..,..,..,..,..,..,..,..,..,..,..,..,..,..,166,498,699,755,733,459,444,471,489,676,661,621,642,731,718,679,451,442,..
Memo: Uganda,..,..,..,..,..,..,..,..,..,..,..,10232,10232,10142,10338,10426,10704,10845,11169,11362,11729,11919,12316,12545,12971,13225,13643,13973,14535,14881,15380,15795,16335,16736,17290,17735,18414,18883,19366,19806,20487,20993,21762,22324,23113,23592,24355,24892,25969,26713,27587,28135,29203,30165,31482,32130,33441,34314,35552,..
Memo: Africa (UN),..,..,..,..,..,..,..,..,..,..,..,480249,491435,501592,512337,526627,536535,548104,560212,572390,586647,599814,615327,630270,648238,664490,682504,700681,719197,738599,780470,798734,812472,824501,867820,895484,915129,930712,957044,984774,989587,1005874,1028460,1056276,1092876,1120485,1147486,1160049,1193978,1223691,1248529,1283271,1306020,1345847,1364674,1390915,1413812,1439323,1460006,..
Memo: Americas (UN),..,..,..,..,..,..,..,..,..,..,..,505284,511962,516122,519879,511716,537390,557707,586500,607571,623992,626510,635284,670946,724370,724111,729481,776101,765527,749063,701484,709187,738278,694913,718815,728663,740787,733657,749835,746469,734561,703734,723333,761836,800815,823033,837349,869020,902065,887070,941887,936692,973084,1033382,1046715,1039069,1034888,1045993,1084086,..
Memo: Asia (UN),..,..,..,..,..,..,..,..,..,..,..,..,..,..,..,..,..,..,..,..,..,..,..,..,..,..,..,..,..,..,2168993,2193428,2218725,2229285,2231656,2256484,2271596,2290274,2289521,2308152,2311940,2284710,2300393,2296924,2278366,2258385,2235054,2223987,2211048,2215857,2215465,2204369,2160948,2125128,2119744,2089748,2141567,2139001,2113640,..
Memo: Europe (UN),..,..,..,..,..,..,..,..,..,..,..,..,..,..,..,..,..,..,..,..,..,..,..,..,..,..,..,..,..,..,279024,284533,282507,297297,281927,287338,300264,307406,307926,314540,318959,321277,331604,367198,380782,417485,443984,479519,512454,530136,582074,564053,609982,622100,606587,628650,642715,657387,667724,..
Memo: Oceania (UN),..,..,..,..,..,..,..,..,..,..,..,21204,21639,21280,23984,24268,24539,24876,24862,24522,25191,26386,26994,26826,26529,27013,24543,24918,25134,25975,27827,27805,25803,29043,28850,29834,32421,33516,33175,33801,35585,35633,37553,36740,36848,36762,36994,37338,38182,31552,34315,33232,33243,34025,34048,35428,35104,37224,36129,..
Memo: OECD Total,..,..,..,..,..,..,..,..,..,..,..,387623,399190,407693,413595,401207,428076,443906,477086,498559,511916,517894,541685,572597,616928,622013,630458,668726,670120,671297,656307,672456,706472,689640,700183,724900,744191,744247,759588,750870,766474,730113,745265,794339,830889,883101,908936,947687,984108,979536,1060483,1049146,1121366,1178411,1166875,1167216,1164602,1192141,1225630,0
Memo: Non-OECD Total,..,..,..,..,..,..,..,..,..,..,..,2376538,2417552,2459990,2508599,2563320,2606133,2651253,2690163,2740087,2783614,2830924,2882059,2923458,2988721,3038728,3074414,3132670,3168703,3217483,3301491,3341230,3371314,3385399,3428884,3472902,3516006,3551318,3577913,3636866,3624158,3621115,3676078,3724637,3758798,3773050,3791930,3822225,3873618,3908770,3961788,3972471,3961911,3982071,4004893,4016594,4103484,4126787,4135955,..
Memo: IEA Total,..,..,..,..,..,..,..,..,..,..,..,381062,392813,401465,407040,394583,421122,436628,469290,490518,503493,509425,532940,562971,606682,611589,619610,657395,658373,659480,637301,651440,683955,667185,676819,699828,717542,717605,731491,722241,736018,698950,713650,763242,798171,849930,874998,912750,948352,941357,1025700,1009620,1064725,1116756,1117382,1117960,1112218,1136870,1168876,0
Memo: IEA and Accession/Association countries,..,..,..,..,..,..,..,..,..,..,..,1871741,1917086,1956050,1993547,2013787,2065023,2108611,2162996,2216578,2252954,2283451,2330659,2383258,2463440,2493166,2522826,2595574,2613335,2643292,2666980,2707925,2761490,2749108,2777604,2807223,2838842,2859513,2871410,2882588,2875029,2816006,2851749,2908349,2942143,2969628,2980937,3024226,3073309,3060426,3152741,3110569,3137183,3157441,3138157,3118050,3162931,3183361,3218153,..
Memo: European Union-28,..,..,..,..,..,..,..,..,..,..,..,..,..,..,..,..,..,..,..,..,..,..,..,..,..,..,..,..,..,..,202132,211539,213547,230009,229949,238505,254655,265210,268682,268039,276156,279359,290334,325911,339711,374079,398786,428775,462799,481292,529015,510264,554876,567142,553415,573436,582478,596303,602079,..
Memo: European Union-27,..,..,..,..,..,..,..,..,..,..,..,..,..,..,..,..,..,..,..,..,..,..,..,..,..,..,..,..,..,..,199969,209286,210121,226301,224753,232974,248967,259274,262771,262351,270109,273104,283487,318056,330816,362878,386897,416531,445895,462545,507024,487962,531111,538482,520067,534894,541793,553852,553822,..
Memo: FSU 15,..,..,..,..,..,..,..,..,..,..,..,94513,93419,91341,92763,89919,90138,88278,85106,85434,86309,88497,91122,87840,93201,94920,88279,94412,88692,81548,68123,65274,63043,63514,45340,44735,44360,40371,36325,42150,37496,37953,37340,37830,38116,37671,39449,45837,44196,43312,45901,46841,48811,49891,49191,50415,54459,55928,57770,..
Memo: Former Yugoslavia,..,..,..,..,..,..,..,..,..,..,..,7633,4006,3844,3734,3962,4179,4165,3684,3452,3089,3850,4491,4272,4621,4574,4657,4057,4160,4319,11551,12387,11328,11628,11008,11235,12108,11757,11635,11458,13429,13541,13237,14255,14195,15327,14853,14581,14884,17027,17383,17427,17635,17708,17715,19341,19660,19359,22777,..
Memo: OPEC,..,..,..,..,..,..,..,..,..,..,..,..,..,..,..,..,..,..,..,..,..,..,..,..,..,..,..,..,..,..,270722,277803,284097,291013,298281,305921,313689,320764,329173,337108,345429,354753,365367,376853,388681,404204,418151,435045,447910,460972,479481,492368,512155,525562,524041,537098,548509,561160,573913,..
Memo: ASEAN,..,..,..,..,..,..,..,..,..,..,..,..,..,..,..,..,..,..,..,..,..,..,..,..,..,..,..,..,..,..,..,..,..,..,..,..,..,..,..,..,434833,432400,439068,448135,448340,449090,454809,459834,465431,461022,454599,443304,440739,440660,441337,426558,447641,434051,399018,..
Memo: G7,170800,168075,168633,171317,172651,171232,175799,175249,188161,193277,256503,257087,266508,270771,273425,262536,285877,300678,326821,342697,352847,353421,376471,401540,438966,441657,445498,479445,475539,457862,413218,427921,460793,425376,435276,450610,459651,453104,464614,453425,463059,426508,435791,480183,509085,547351,562250,590200,616737,606710,661941,649670,688046,736888,739366,733693,723490,735500,768151,0
Memo: G8,..,..,..,..,..,..,..,..,..,..,..,..,..,..,..,..,..,..,..,..,..,..,..,..,..,..,..,..,..,..,470343,481821,511225,473719,467832,479653,484450,474417,482239,476744,481327,444192,452329,496566,525121,563727,577954,607827,631550,620319,675767,663844,702727,751072,752352,746872,736784,747722,780722,..
Memo: G20,..,..,..,..,..,..,..,..,..,..,..,..,..,..,..,..,..,..,..,..,..,..,..,..,..,..,..,..,..,..,2668407,2705217,2751679,2745433,2758550,2782553,2812787,2834934,2843659,2852992,2840374,2781597,2812336,2869071,2894205,2920270,2928015,2968577,3012966,2997892,3087651,3044078,3050202,3061948,3049732,3032610,3054681,3080764,3114186,..
Memo: Annex I Parties,..,..,..,..,..,..,..,..,..,..,..,..,..,..,..,..,..,..,..,..,..,..,..,..,..,..,..,..,..,..,668154,681001,709599,693807,690539,710477,730832,729879,739215,735697,746077,708431,723771,776717,813082,864361,891288,934553,972149,967061,1052211,1036303,1092185,1139329,1133245,1136610,1134861,1158275,1191387,..
Memo: Annex II Parties,233076,229791,229770,232976,233080,232395,235760,234806,246416,252082,317667,317440,326293,333471,338012,325211,350617,365266,395832,414974,428207,432933,455682,484503,526491,532145,535699,573200,575945,577491,545004,559505,588889,561499,573443,595772,611669,610106,623797,616662,632245,594691,609712,659570,693641,739934,765170,800726,833898,822652,899583,884622,933114,979586,977640,978180,974407,997356,1029284,..
Memo: Annex II North America,170800,168075,168633,171317,172651,171232,175799,175249,188161,193277,199745,200460,208526,212511,213377,201607,226798,241489,266897,280920,291425,291734,295069,314892,348191,345072,353504,385130,381458,363850,321050,327572,360263,327600,339447,352450,357258,347392,358154,347616,355055,317618,318421,336543,358727,370262,370534,375349,382656,370567,397308,405899,416603,447894,460212,441039,430621,433392,461954,..
Memo: Annex II Europe,43079,42519,42451,42611,42095,42389,41961,41176,40347,40955,101321,100295,100752,104417,105501,104305,104373,104125,109431,115232,117427,120827,121961,130245,137727,145333,142716,147261,151860,168927,181446,189356,188440,191399,191410,198980,207395,213866,218760,220779,227535,229097,237886,269394,279511,309427,333335,360699,388094,397640,438860,417286,455488,467266,453059,470091,480772,494419,497150,..
Memo: Annex II Asia Oceania,19197,19197,18687,19048,18334,18774,18000,18381,17908,17850,16601,16685,17014,16544,19133,19299,19445,19652,19504,18822,19356,20372,38652,39366,40573,41740,39479,40809,42627,44714,42509,42578,40186,42500,42585,44342,47016,48848,46883,48267,49655,47977,53404,53632,55402,60245,61301,64678,63148,54445,63415,61438,61023,64427,64369,67050,63014,69545,70180,..
Memo: Annex I EIT,..,..,..,..,..,..,..,..,..,..,..,..,..,..,..,..,..,..,..,..,..,..,..,..,..,..,..,..,..,..,89337,87666,86898,98780,83584,81534,86093,86808,82643,87143,83340,84381,85875,90063,93386,99396,101914,110258,115659,122581,131418,134681,142107,142452,139781,144050,146835,147867,151994,..
Memo: non-Annex I Parties,..,..,..,..,..,..,..,..,..,..,..,..,..,..,..,..,..,..,..,..,..,..,..,..,..,..,..,..,..,..,3289644,3332686,3368186,3381232,3438528,3487324,3529365,3565686,3598287,3652039,3644555,3642797,3697572,3742259,3776605,3791790,3809578,3835359,3885578,3921244,3970060,3985314,3991092,4021153,4038522,4047200,4133226,4160652,4170198,..
Memo: Annex B Kyoto Parties,..,..,..,..,..,..,..,..,..,..,..,..,..,..,..,..,..,..,..,..,..,..,..,..,..,..,..,..,..,..,231923,241268,241066,260884,261097,270987,290942,302491,306301,307111,315424,318577,331440,366580,379981,415531,442905,477545,514746,526316,578324,558580,603683,617338,601333,624073,637500,655001,660266,..
Memo*: Afghanistan,0,0,0,0,0,0,0,0,0,0,0,0,0,0,0,0,0,0,0,0,0,0,0,0,0,0,0,0,0,0,0,0,0,0,0,0,0,0,0,0,0,0,0,0,0,0,0,0,0,0,0,0,0,0,0,0,0,0,0,..
Memo*: American Samoa,0,0,0,0,0,0,0,0,0,0,0,0,0,0,0,0,0,0,0,0,0,0,0,0,0,0,0,0,0,0,0,0,0,0,0,0,0,0,0,0,0,0,0,0,0,0,0,0,0,0,0,0,0,0,0,0,0,0,0,..
Memo*: Anguilla,0,0,0,0,0,0,0,0,0,0,0,0,0,0,0,0,0,0,0,0,0,0,0,0,0,0,0,0,0,0,0,0,0,0,0,0,0,0,0,0,0,0,0,0,0,0,0,0,0,0,0,0,0,0,0,0,0,0,0,..
Memo*: Antigua and Barbuda,0,0,0,0,0,0,0,0,0,0,0,0,0,0,0,0,0,0,0,0,0,0,0,0,0,0,0,0,0,0,0,0,0,0,0,0,0,0,0,0,0,0,0,0,0,0,0,0,0,0,0,0,0,0,0,0,0,0,0,..
Memo*: Aruba,0,0,0,0,0,0,0,0,0,0,0,0,0,0,0,0,0,0,0,0,0,0,0,0,0,0,0,0,0,0,0,0,0,0,0,0,0,0,0,0,0,0,0,0,0,0,0,0,0,0,0,0,0,0,0,0,0,0,0,..
Memo*: Bahamas,0,0,0,0,0,0,0,0,0,0,0,0,0,0,0,0,0,0,0,0,0,0,0,0,0,0,0,0,0,0,0,0,0,0,0,0,0,0,0,0,0,0,0,0,0,0,0,0,0,0,0,0,0,0,0,0,0,0,0,..
Memo*: Barbados,0,0,0,0,0,0,0,0,0,0,0,0,0,0,0,0,0,0,0,0,0,0,0,0,0,0,0,0,0,0,0,0,0,0,0,0,0,0,0,0,0,0,0,0,0,0,0,0,0,0,0,0,0,0,0,0,0,0,0,..
Memo*: Belize,0,0,0,0,0,0,0,0,0,0,0,0,0,0,0,0,0,0,0,0,0,0,0,0,0,0,0,0,0,0,0,0,0,0,0,0,0,0,0,0,0,0,0,0,0,0,0,0,0,0,0,0,0,0,0,0,0,0,0,..
Memo*: Bermuda,0,0,0,0,0,0,0,0,0,0,0,0,0,0,0,0,0,0,0,0,0,0,0,0,0,0,0,0,0,0,0,0,0,0,0,0,0,0,0,0,0,0,0,0,0,0,0,0,0,0,0,0,0,0,0,0,0,0,0,..
Memo*: Bhutan,0,0,0,0,0,0,0,0,0,0,0,0,0,0,0,0,0,0,0,0,0,0,0,0,0,0,0,0,0,0,0,0,0,0,0,0,0,0,0,0,0,0,0,0,0,0,0,0,0,0,0,0,0,0,0,0,0,0,0,..
"Memo*: Bonaire, Sint Eustatius and Saba",0,0,0,0,0,0,0,0,0,0,0,0,0,0,0,0,0,0,0,0,0,0,0,0,0,0,0,0,0,0,0,0,0,0,0,0,0,0,0,0,0,0,0,0,0,0,0,0,0,0,0,0,0,0,0,0,0,0,0,..
Memo*: British Virgin Islands,0,0,0,0,0,0,0,0,0,0,0,0,0,0,0,0,0,0,0,0,0,0,0,0,0,0,0,0,0,0,0,0,0,0,0,0,0,0,0,0,0,0,0,0,0,0,0,0,0,0,0,0,0,0,0,0,0,0,0,..
Memo*: Burkina Faso,0,0,0,0,0,0,0,0,0,0,0,0,0,0,0,0,0,0,0,0,0,0,0,0,0,0,0,0,0,0,0,0,0,0,0,0,0,0,0,0,0,0,0,0,0,0,0,0,0,0,0,0,0,0,0,0,0,0,0,..
Memo*: Burundi,0,0,0,0,0,0,0,0,0,0,0,0,0,0,0,0,0,0,0,0,0,0,0,0,0,0,0,0,0,0,0,0,0,0,0,0,0,0,0,0,0,0,0,0,0,0,0,0,0,0,0,0,0,0,0,0,0,0,0,..
Memo*: Cabo Verde,0,0,0,0,0,0,0,0,0,0,0,0,0,0,0,0,0,0,0,0,0,0,0,0,0,0,0,0,0,0,0,0,0,0,0,0,0,0,0,0,0,0,0,0,0,0,0,0,0,0,0,0,0,0,0,0,0,0,0,..
Memo*: Cayman Islands,0,0,0,0,0,0,0,0,0,0,0,0,0,0,0,0,0,0,0,0,0,0,0,0,0,0,0,0,0,0,0,0,0,0,0,0,0,0,0,0,0,0,0,0,0,0,0,0,0,0,0,0,0,0,0,0,0,0,0,..
Memo*: Central African Republic,0,0,0,0,0,0,0,0,0,0,0,0,0,0,0,0,0,0,0,0,0,0,0,0,0,0,0,0,0,0,0,0,0,0,0,0,0,0,0,0,0,0,0,0,0,0,0,0,0,0,0,0,0,0,0,0,0,0,0,..
Memo*: Chad,0,0,0,0,0,0,0,0,0,0,0,0,0,0,0,0,0,0,0,0,0,0,0,0,0,0,0,0,0,0,0,0,0,0,0,0,0,0,0,0,0,0,0,0,0,0,0,0,0,0,0,0,0,0,0,0,0,0,0,..
"Memo*: China, Macao Special Administrative Region",0,0,0,0,0,0,0,0,0,0,0,0,0,0,0,0,0,0,0,0,0,0,0,0,0,0,0,0,0,0,0,0,0,0,0,0,0,0,0,0,0,0,0,0,0,0,0,0,0,0,0,0,0,0,0,0,0,0,0,..
Memo*: Comoros,0,0,0,0,0,0,0,0,0,0,0,0,0,0,0,0,0,0,0,0,0,0,0,0,0,0,0,0,0,0,0,0,0,0,0,0,0,0,0,0,0,0,0,0,0,0,0,0,0,0,0,0,0,0,0,0,0,0,0,..
Memo*: Cook Islands,0,0,0,0,0,0,0,0,0,0,0,0,0,0,0,0,0,0,0,0,0,0,0,0,0,0,0,0,0,0,0,0,0,0,0,0,0,0,0,0,0,0,0,0,0,0,0,0,0,0,0,0,0,0,0,0,0,0,0,..
Memo*: Djibouti,0,0,0,0,0,0,0,0,0,0,0,0,0,0,0,0,0,0,0,0,0,0,0,0,0,0,0,0,0,0,0,0,0,0,0,0,0,0,0,0,0,0,0,0,0,0,0,0,0,0,0,0,0,0,0,0,0,0,0,..
Memo*: Dominica,0,0,0,0,0,0,0,0,0,0,0,0,0,0,0,0,0,0,0,0,0,0,0,0,0,0,0,0,0,0,0,0,0,0,0,0,0,0,0,0,0,0,0,0,0,0,0,0,0,0,0,0,0,0,0,0,0,0,0,..
Memo*: Kingdom of Eswatini,0,0,0,0,0,0,0,0,0,0,0,0,0,0,0,0,0,0,0,0,0,0,0,0,0,0,0,0,0,0,0,0,0,0,0,0,0,0,0,0,0,0,0,0,0,0,0,0,0,0,0,0,0,0,0,0,0,0,0,..
Memo*: Falkland Islands (Malvinas),0,0,0,0,0,0,0,0,0,0,0,0,0,0,0,0,0,0,0,0,0,0,0,0,0,0,0,0,0,0,0,0,0,0,0,0,0,0,0,0,0,0,0,0,0,0,0,0,0,0,0,0,0,0,0,0,0,0,0,..
Memo*: Fiji,0,0,0,0,0,0,0,0,0,0,0,0,0,0,0,0,0,0,0,0,0,0,0,0,0,0,0,0,0,0,0,0,0,0,0,0,0,0,0,0,0,0,0,0,0,0,0,0,0,0,0,0,0,0,0,0,0,0,0,..
Memo*: French Guiana,0,0,0,0,0,0,0,0,0,0,0,0,0,0,0,0,0,0,0,0,0,0,0,0,0,0,0,0,0,0,0,0,0,0,0,0,0,0,0,0,0,0,0,0,0,0,0,0,0,0,0,0,0,0,0,0,0,0,0,..
Memo*: French Polynesia,0,0,0,0,0,0,0,0,0,0,0,0,0,0,0,0,0,0,0,0,0,0,0,0,0,0,0,0,0,0,0,0,0,0,0,0,0,0,0,0,0,0,0,0,0,0,0,0,0,0,0,0,0,0,0,0,0,0,0,..
Memo*: Gambia,0,0,0,0,0,0,0,0,0,0,0,0,0,0,0,0,0,0,0,0,0,0,0,0,0,0,0,0,0,0,0,0,0,0,0,0,0,0,0,0,0,0,0,0,0,0,0,0,0,0,0,0,0,0,0,0,0,0,0,..
Memo*: Grenada,0,0,0,0,0,0,0,0,0,0,0,0,0,0,0,0,0,0,0,0,0,0,0,0,0,0,0,0,0,0,0,0,0,0,0,0,0,0,0,0,0,0,0,0,0,0,0,0,0,0,0,0,0,0,0,0,0,0,0,..
Memo*: Guadeloupe,0,0,0,0,0,0,0,0,0,0,0,0,0,0,0,0,0,0,0,0,0,0,0,0,0,0,0,0,0,0,0,0,0,0,0,0,0,0,0,0,0,0,0,0,0,0,0,0,0,0,0,0,0,0,0,0,0,0,0,..
Memo*: Guinea,0,0,0,0,0,0,0,0,0,0,0,0,0,0,0,0,0,0,0,0,0,0,0,0,0,0,0,0,0,0,0,0,0,0,0,0,0,0,0,0,0,0,0,0,0,0,0,0,0,0,0,0,0,0,0,0,0,0,0,..
Memo*: Guinea-Bissau,0,0,0,0,0,0,0,0,0,0,0,0,0,0,0,0,0,0,0,0,0,0,0,0,0,0,0,0,0,0,0,0,0,0,0,0,0,0,0,0,0,0,0,0,0,0,0,0,0,0,0,0,0,0,0,0,0,0,0,..
Memo*: Kiribati,0,0,0,0,0,0,0,0,0,0,0,0,0,0,0,0,0,0,0,0,0,0,0,0,0,0,0,0,0,0,0,0,0,0,0,0,0,0,0,0,0,0,0,0,0,0,0,0,0,0,0,0,0,0,0,0,0,0,0,..
Memo*: Lesotho,0,0,0,0,0,0,0,0,0,0,0,0,0,0,0,0,0,0,0,0,0,0,0,0,0,0,0,0,0,0,0,0,0,0,0,0,0,0,0,0,0,0,0,0,0,0,0,0,0,0,0,0,0,0,0,0,0,0,0,..
Memo*: Liberia,0,0,0,0,0,0,0,0,0,0,0,0,0,0,0,0,0,0,0,0,0,0,0,0,0,0,0,0,0,0,0,0,0,0,0,0,0,0,0,0,0,0,0,0,0,0,0,0,0,0,0,0,0,0,0,0,0,0,0,..
Memo*: Malawi,0,0,0,0,0,0,0,0,0,0,0,0,0,0,0,0,0,0,0,0,0,0,0,0,0,0,0,0,0,0,0,0,0,0,0,0,0,0,0,0,0,0,0,0,0,0,0,0,0,0,0,0,0,0,0,0,0,0,0,..
Memo*: Maldives,0,0,0,0,0,0,0,0,0,0,0,0,0,0,0,0,0,0,0,0,0,0,0,0,0,0,0,0,0,0,0,0,0,0,0,0,0,0,0,0,0,0,0,0,0,0,0,0,0,0,0,0,0,0,0,0,0,0,0,..
Memo*: Marshall Islands,0,0,0,0,0,0,0,0,0,0,0,0,0,0,0,0,0,0,0,0,0,0,0,0,0,0,0,0,0,0,0,0,0,0,0,0,0,0,0,0,0,0,0,0,0,0,0,0,0,0,0,0,0,0,0,0,0,0,0,..
Memo*: Martinique,0,0,0,0,0,0,0,0,0,0,0,0,0,0,0,0,0,0,0,0,0,0,0,0,0,0,0,0,0,0,0,0,0,0,0,0,0,0,0,0,0,0,0,0,0,0,0,0,0,0,0,0,0,0,0,0,0,0,0,..
Memo*: Mauritania,0,0,0,0,0,0,0,0,0,0,0,0,0,0,0,0,0,0,0,0,0,0,0,0,0,0,0,0,0,0,0,0,0,0,0,0,0,0,0,0,0,0,0,0,0,0,0,0,0,0,0,0,0,0,0,0,0,0,0,..
Memo*: Mayotte,0,0,0,0,0,0,0,0,0,0,0,0,0,0,0,0,0,0,0,0,0,0,0,0,0,0,0,0,0,0,0,0,0,0,0,0,0,0,0,0,0,0,0,0,0,0,0,0,0,0,0,0,0,0,0,0,0,0,0,..
Memo*: Micronesia (Federated States of),0,0,0,0,0,0,0,0,0,0,0,0,0,0,0,0,0,0,0,0,0,0,0,0,0,0,0,0,0,0,0,0,0,0,0,0,0,0,0,0,0,0,0,0,0,0,0,0,0,0,0,0,0,0,0,0,0,0,0,..
Memo*: Montserrat,0,0,0,0,0,0,0,0,0,0,0,0,0,0,0,0,0,0,0,0,0,0,0,0,0,0,0,0,0,0,0,0,0,0,0,0,0,0,0,0,0,0,0,0,0,0,0,0,0,0,0,0,0,0,0,0,0,0,0,..
Memo*: Nauru,0,0,0,0,0,0,0,0,0,0,0,0,0,0,0,0,0,0,0,0,0,0,0,0,0,0,0,0,0,0,0,0,0,0,0,0,0,0,0,0,0,0,0,0,0,0,0,0,0,0,0,0,0,0,0,0,0,0,0,..
Memo*: New Caledonia,0,0,0,0,0,0,0,0,0,0,0,0,0,0,0,0,0,0,0,0,0,0,0,0,0,0,0,0,0,0,0,0,0,0,0,0,0,0,0,0,0,0,0,0,0,0,0,0,0,0,0,0,0,0,0,0,0,0,0,..
Memo*: Niue,0,0,0,0,0,0,0,0,0,0,0,0,0,0,0,0,0,0,0,0,0,0,0,0,0,0,0,0,0,0,0,0,0,0,0,0,0,0,0,0,0,0,0,0,0,0,0,0,0,0,0,0,0,0,0,0,0,0,0,..
Memo*: Palau,0,0,0,0,0,0,0,0,0,0,0,0,0,0,0,0,0,0,0,0,0,0,0,0,0,0,0,0,0,0,0,0,0,0,0,0,0,0,0,0,0,0,0,0,0,0,0,0,0,0,0,0,0,0,0,0,0,0,0,..
Memo*: Papua New Guinea,0,0,0,0,0,0,0,0,0,0,0,0,0,0,0,0,0,0,0,0,0,0,0,0,0,0,0,0,0,0,0,0,0,0,0,0,0,0,0,0,0,0,0,0,0,0,0,0,0,0,0,0,0,0,0,0,0,0,0,..
Memo*: Puerto Rico,0,0,0,0,0,0,0,0,0,0,0,0,0,0,0,0,0,0,0,0,0,0,0,0,0,0,0,0,0,0,0,0,0,0,0,0,0,0,0,0,0,0,0,0,0,0,0,0,0,0,0,0,0,0,0,0,0,0,0,..
Memo*: Reunion,0,0,0,0,0,0,0,0,0,0,0,0,0,0,0,0,0,0,0,0,0,0,0,0,0,0,0,0,0,0,0,0,0,0,0,0,0,0,0,0,0,0,0,0,0,0,0,0,0,0,0,0,0,0,0,0,0,0,0,..
Memo*: Saint Helena,0,0,0,0,0,0,0,0,0,0,0,0,0,0,0,0,0,0,0,0,0,0,0,0,0,0,0,0,0,0,0,0,0,0,0,0,0,0,0,0,0,0,0,0,0,0,0,0,0,0,0,0,0,0,0,0,0,0,0,..
Memo*: Saint Kitts and Nevis,0,0,0,0,0,0,0,0,0,0,0,0,0,0,0,0,0,0,0,0,0,0,0,0,0,0,0,0,0,0,0,0,0,0,0,0,0,0,0,0,0,0,0,0,0,0,0,0,0,0,0,0,0,0,0,0,0,0,0,..
Memo*: Saint Lucia,0,0,0,0,0,0,0,0,0,0,0,0,0,0,0,0,0,0,0,0,0,0,0,0,0,0,0,0,0,0,0,0,0,0,0,0,0,0,0,0,0,0,0,0,0,0,0,0,0,0,0,0,0,0,0,0,0,0,0,..
Memo*: Saint Pierre and Miquelon,0,0,0,0,0,0,0,0,0,0,0,0,0,0,0,0,0,0,0,0,0,0,0,0,0,0,0,0,0,0,0,0,0,0,0,0,0,0,0,0,0,0,0,0,0,0,0,0,0,0,0,0,0,0,0,0,0,0,0,..
Memo*: Saint Vincent and the Grenadines,0,0,0,0,0,0,0,0,0,0,0,0,0,0,0,0,0,0,0,0,0,0,0,0,0,0,0,0,0,0,0,0,0,0,0,0,0,0,0,0,0,0,0,0,0,0,0,0,0,0,0,0,0,0,0,0,0,0,0,..
Memo*: Samoa,0,0,0,0,0,0,0,0,0,0,0,0,0,0,0,0,0,0,0,0,0,0,0,0,0,0,0,0,0,0,0,0,0,0,0,0,0,0,0,0,0,0,0,0,0,0,0,0,0,0,0,0,0,0,0,0,0,0,0,..
Memo*: Sao Tome and Principe,0,0,0,0,0,0,0,0,0,0,0,0,0,0,0,0,0,0,0,0,0,0,0,0,0,0,0,0,0,0,0,0,0,0,0,0,0,0,0,0,0,0,0,0,0,0,0,0,0,0,0,0,0,0,0,0,0,0,0,..
Memo*: Seychelles,0,0,0,0,0,0,0,0,0,0,0,0,0,0,0,0,0,0,0,0,0,0,0,0,0,0,0,0,0,0,0,0,0,0,0,0,0,0,0,0,0,0,0,0,0,0,0,0,0,0,0,0,0,0,0,0,0,0,0,..
Memo*: Sierra Leone,0,0,0,0,0,0,0,0,0,0,0,0,0,0,0,0,0,0,0,0,0,0,0,0,0,0,0,0,0,0,0,0,0,0,0,0,0,0,0,0,0,0,0,0,0,0,0,0,0,0,0,0,0,0,0,0,0,0,0,..
Memo*: Sint Maarten (Dutch part),0,0,0,0,0,0,0,0,0,0,0,0,0,0,0,0,0,0,0,0,0,0,0,0,0,0,0,0,0,0,0,0,0,0,0,0,0,0,0,0,0,0,0,0,0,0,0,0,0,0,0,0,0,0,0,0,0,0,0,..
Memo*: Solomon Islands,0,0,0,0,0,0,0,0,0,0,0,0,0,0,0,0,0,0,0,0,0,0,0,0,0,0,0,0,0,0,0,0,0,0,0,0,0,0,0,0,0,0,0,0,0,0,0,0,0,0,0,0,0,0,0,0,0,0,0,..
Memo*: Somalia,0,0,0,0,0,0,0,0,0,0,0,0,0,0,0,0,0,0,0,0,0,0,0,0,0,0,0,0,0,0,0,0,0,0,0,0,0,0,0,0,0,0,0,0,0,0,0,0,0,0,0,0,0,0,0,0,0,0,0,..
Memo*: Timor-Leste,0,0,0,0,0,0,0,0,0,0,0,0,0,0,0,0,0,0,0,0,0,0,0,0,0,0,0,0,0,0,0,0,0,0,0,0,0,0,0,0,0,0,0,0,0,0,0,0,0,0,0,0,0,0,0,0,0,0,0,..
Memo*: Tonga,0,0,0,0,0,0,0,0,0,0,0,0,0,0,0,0,0,0,0,0,0,0,0,0,0,0,0,0,0,0,0,0,0,0,0,0,0,0,0,0,0,0,0,0,0,0,0,0,0,0,0,0,0,0,0,0,0,0,0,..
Memo*: Turks and Caicos Islands,0,0,0,0,0,0,0,0,0,0,0,0,0,0,0,0,0,0,0,0,0,0,0,0,0,0,0,0,0,0,0,0,0,0,0,0,0,0,0,0,0,0,0,0,0,0,0,0,0,0,0,0,0,0,0,0,0,0,0,..
Memo*: Tuvalu,0,0,0,0,0,0,0,0,0,0,0,0,0,0,0,0,0,0,0,0,0,0,0,0,0,0,0,0,0,0,0,0,0,0,0,0,0,0,0,0,0,0,0,0,0,0,0,0,0,0,0,0,0,0,0,0,0,0,0,..
Memo*: Vanuatu,0,0,0,0,0,0,0,0,0,0,0,0,0,0,0,0,0,0,0,0,0,0,0,0,0,0,0,0,0,0,0,0,0,0,0,0,0,0,0,0,0,0,0,0,0,0,0,0,0,0,0,0,0,0,0,0,0,0,0,..
Memo*: Wallis and Futuna Islands,0,0,0,0,0,0,0,0,0,0,0,0,0,0,0,0,0,0,0,0,0,0,0,0,0,0,0,0,0,0,0,0,0,0,0,0,0,0,0,0,0,0,0,0,0,0,0,0,0,0,0,0,0,0,0,0,0,0,0,..
