TIME,1960,1961,1962,1963,1964,1965,1966,1967,1968,1969,1970,1971,1972,1973,1974,1975,1976,1977,1978,1979,1980,1981,1982,1983,1984,1985,1986,1987,1988,1989,1990,1991,1992,1993,1994,1995,1996,1997,1998,1999,2000,2001,2002,2003,2004,2005,2006,2007,2008,2009,2010,2011,2012,2013,2014,2015,2016,2017,2018,2019
COUNTRY
World,..,..,..,..,..,..,..,..,..,..,..,40352949,42761773,45247027,44848722,46084586,47951769,49688489,51791028,52733416,52141529,51975976,51587563,52113052,53650206,54786913,56830078,58836712,61638512,63417202,65954166,66507328,67926518,68597089,69965498,71848074,74721045,75798418,77539761,79761642,82177070,82655228,84874276,86732946,90756326,92874639,95180208,98444971,99061580,97365081,101730010,103481407,104574291,107577727,109481248,112694193,115198474,118126697,121036205,..
OECD Americas,..,..,..,..,..,..,..,..,..,..,..,17362306,18466398,19347786,19038922,19301511,20166917,20776013,21575855,21447463,20703090,20731530,20363160,20414165,21049148,21239089,21544445,22281336,23324776,23630891,23531689,23178674,23699828,24200466,25141911,25549241,26168655,26679515,27302372,28047197,28549514,28572236,29120825,29624952,30145702,30648735,30832156,31204709,30116365,28918155,29920253,29372465,29173371,30107046,29988976,30853584,31257359,31473483,32197680,..
OECD Asia Oceania,..,..,..,..,..,..,..,..,..,..,..,2166404,2250689,2481820,2524226,2632944,2758204,2940146,3142208,3309238,3318318,3238035,3210901,3319208,3439678,3517864,3670153,3838067,4062791,4340875,4741101,4944588,5125797,5324330,5587332,5876801,6060233,6152381,5959877,6123365,6256348,6324133,6378449,6399135,6453168,6370081,6354700,6341354,6205466,6123049,6222686,6144436,6173430,6189361,6129269,6259998,6299730,6347779,6324842,..
OECD Europe,..,..,..,..,..,..,..,..,..,..,..,6464012,6831553,7282227,7128485,7402271,7767080,8076540,8482045,8731778,8731671,8604350,8651913,8795729,9047078,9152848,9601952,9988630,10509530,10860414,11255616,11426202,11704457,11880078,11939093,12107568,12478287,12614677,12966622,13302053,13312903,13446921,13594097,13791503,14071758,14124397,14439840,14729023,14420550,14049269,14021258,13943475,13612885,13578814,13762728,14125049,14494105,14760604,14833875,..
Africa,..,..,..,..,..,..,..,..,..,..,..,753197,805877,855754,856991,919985,954571,1017154,1100707,1067563,1158239,1214778,1238122,1267622,1298120,1362525,1364575,1394292,1489269,1530295,1603671,1683751,1770818,1756053,1779551,1909177,1987615,2119140,2120497,2236471,2298919,2401836,2522842,2669813,2777844,2845489,2902725,3059316,3242419,3371743,3681180,3761127,4059499,4402879,4597883,4661788,4847784,4887249,5177004,..
Non-OECD Americas,..,..,..,..,..,..,..,..,..,..,..,1538857,1665480,1850373,1974395,2073802,2201768,2251352,2411075,2517557,2512659,2533857,2566942,2538421,2558327,2603736,2799873,2846813,2896708,2954769,2998099,3100054,3162685,3309789,3415061,3692553,3995114,4112493,4277323,4188931,4128352,4158928,4197673,4131881,4410821,4559911,4723241,5057989,5363462,5365983,5810733,6138807,6447223,6703686,6840279,6823693,6746884,6802999,6802557,..
Middle East,..,..,..,..,..,..,..,..,..,..,..,280574,319433,371978,422200,505565,612525,732316,882276,993695,1046183,1194107,1359381,1628007,1743440,1804685,1743461,1870463,1939916,2035812,2013850,2056249,2252064,2407082,2560992,2474625,2587629,2625724,2690759,2788939,2960354,3103606,3277149,3345511,3573867,3879417,4107444,4281465,4543393,4824600,4853090,5099397,5426044,5576940,5823991,5797844,5752869,5953456,5907437,..
Non-OECD Europe and Eurasia,..,..,..,..,..,..,..,..,..,..,..,3109822,3280424,3436134,3593737,4184140,4250973,4275910,4342541,4398649,4477037,4526728,4609798,4636666,4695276,4766538,5006027,5116548,5229188,5402385,7129146,7088207,6333356,5457858,4777309,4585447,4533266,4351551,4792180,4638503,4567494,4737037,4888192,5102557,5455007,5489286,5682030,5928922,6251762,5735929,6062222,6206772,6006642,6030714,6039897,5938915,6032954,6149457,6527144,..
Non-OECD Asia (excluding China),..,..,..,..,..,..,..,..,..,..,..,1151011,1194877,1227249,1284875,1360811,1383419,1450807,1555447,1686566,1781429,1843024,1773974,1854523,1927595,2040718,2116352,2293517,2471536,2699248,2882301,3023130,3212221,3464231,3719541,4128892,4496753,4686864,4666390,4841460,4969596,5122185,5291110,5462721,5834260,5922025,5863306,6427464,6776696,7334607,7812443,8463538,9002453,9393561,9731343,10070664,10752811,11380386,11891775,..
"China (P.R. of China and Hong Kong, China)",..,..,..,..,..,..,..,..,..,..,..,574428,638786,699247,761499,845540,860452,948296,944182,996418,943300,940838,988322,1056094,1128290,1159449,1279221,1349483,1449438,1503700,1327182,1450074,1620242,1848757,1739782,1897178,2488952,2184809,2168330,2451928,3659103,3736303,4025249,4561086,5337410,5739519,6278774,6773141,7379166,7586011,8344114,9139851,10067261,10893073,11346205,12215679,12521927,13121076,13700690,..
World marine bunkers,..,..,..,..,..,..,..,..,..,..,..,4581654,4798784,5076489,4745899,4422861,4555015,4558588,4593744,4729102,4630224,4319417,3894000,3645543,3695289,3986877,4240014,4195511,4395980,4393388,4841112,5028195,5400820,5234053,5399580,5572404,5704589,5844203,6020424,6371508,6537568,6205010,6441818,6538347,7181423,7431801,7915543,8385805,8396755,7993902,8604693,8605110,7999961,7983924,8276285,8614030,8842950,9148737,9231861,..
World aviation bunkers,..,..,..,..,..,..,..,..,..,..,..,2370685,2509473,2617971,2517493,2435157,2440845,2661368,2760948,2855386,2839380,2829313,2931050,2957074,3067965,3152585,3464005,3662053,3869380,4065425,3630398,3528205,3644229,3714392,3905345,4054187,4219955,4427061,4574987,4771289,4936918,4847032,5136872,5105441,5515066,5863980,6080448,6255783,6365546,6061833,6397338,6606430,6605522,6717730,6944393,7332946,7649101,8101469,8441341,..
Albania,..,..,..,..,..,..,..,..,..,..,..,10049,10776,10844,11408,11841,13836,14311,15532,17470,20480,11485,11890,12955,18385,14909,13941,14425,15965,13149,9712,7349,5651,7054,8901,8834,8753,6984,10315,19188,20079,21105,24258,26313,31513,32563,26387,28697,31047,31380,30473,31982,30691,33481,34733,34538,34685,34657,34670,..
Algeria,..,..,..,..,..,..,..,..,..,..,..,37349,37035,41806,46091,51190,57787,63680,72866,79447,87323,95372,99755,107036,114906,172655,175169,177154,177670,181374,223786,238941,238875,241631,221825,216149,214827,216595,222322,237287,241730,242970,275988,315917,314021,347248,369053,394453,413018,430764,446526,482194,542965,564707,609938,651054,635507,630061,640931,..
Angola,..,..,..,..,..,..,..,..,..,..,..,14043,23540,19880,17860,14972,15117,9005,18306,14521,13761,12059,11841,10739,9845,14390,14224,14442,17188,18009,14093,17337,16382,16739,21219,14832,13699,14565,11527,16014,14869,16667,20476,38046,48348,34646,45693,54103,72333,80031,90154,99800,93712,106509,110023,110372,109038,92484,96316,..
Argentina,..,..,..,..,..,..,..,..,..,..,..,331892,351237,359278,364037,341729,344334,364894,372908,402219,417724,415582,420515,422760,415005,383735,398699,409462,388992,390727,402856,425801,456380,489982,483072,503744,586899,585874,623476,587490,573066,529867,491708,506642,547348,555888,595721,640695,668326,614250,667151,698703,693193,738991,695279,730490,718021,742763,756100,..
Armenia,..,..,..,..,..,..,..,..,..,..,..,..,..,..,..,..,..,..,..,..,..,..,..,..,..,..,..,..,..,..,43932,43049,27523,17833,2929,2283,1503,1471,1512,1491,8671,8616,8275,8880,9285,10516,10488,17570,20814,18892,20985,21817,22236,21865,27748,27207,26038,27408,29937,..
Australia,293201,295327,311235,338544,357045,376977,388742,413464,442321,475710,459854,474109,489402,541386,557156,579688,598616,636887,671226,687529,704408,716524,733577,725731,755834,778047,799259,812405,844401,871275,883855,864554,886920,903207,927538,966284,1001344,1020866,1021817,1042031,1074209,1065156,1089116,1099427,1137773,1136385,1167191,1200000,1225448,1216810,1255921,1288576,1298009,1319883,1321665,1355051,1371733,1396432,1423228,..
Austria,72249,75671,82651,88125,92555,96844,102866,107514,111901,124151,126591,137849,151201,161974,150288,152252,155600,162193,172521,182074,171046,161590,160521,165877,162882,166131,171678,178503,189225,196060,202461,223807,224117,225865,226226,229134,250837,238035,267512,260934,270790,291450,316051,338619,343155,354408,347001,352147,340799,333531,343568,332553,330674,351586,348630,358382,365006,370356,373010,..
Azerbaijan,..,..,..,..,..,..,..,..,..,..,..,..,..,..,..,..,..,..,..,..,..,..,..,..,..,..,..,..,..,..,92434,73858,60793,56058,48712,50112,41333,48260,44909,24779,35234,38929,43843,47603,55925,62419,70579,55642,69259,62154,71902,83680,92046,104321,108022,100066,93821,108196,112386,..
Bahrain,..,..,..,..,..,..,..,..,..,..,..,2509,3037,3216,3785,5055,6585,8123,9267,8591,8779,9881,10811,11959,11976,12297,11830,11840,12551,13220,14149,14331,15920,16505,16822,17523,17883,18772,19793,20552,21757,22650,25329,27576,30082,35145,36750,39950,43636,43016,44306,41759,44944,46618,48065,50134,51262,52769,54474,..
Bangladesh,..,..,..,..,..,..,..,..,..,..,..,3448,3448,3204,6743,8506,8987,8764,9114,11673,13519,11321,13354,14954,14627,18337,18016,19318,20502,22439,22793,25058,28845,29651,30280,36566,40279,45667,46652,42435,41668,51968,52778,54008,62606,69868,73598,76229,87364,93691,109337,125600,126914,120326,129903,136151,144369,160258,174655,..
Belarus,..,..,..,..,..,..,..,..,..,..,..,..,..,..,..,..,..,..,..,..,..,..,..,..,..,..,..,..,..,..,173577,183952,168785,140250,102276,100271,108123,112885,118690,105740,97945,93405,101549,104724,106957,117521,137455,139771,157477,143685,151394,159166,170086,178155,169850,152915,158643,165001,173243,..
Belgium,95215,99482,102596,104916,110882,120820,114670,124936,141072,146535,162764,168877,180579,184980,179994,192392,204070,214029,220063,232409,226210,220404,222982,227589,228211,233482,254300,262121,282373,288313,285096,287650,299127,306209,314144,316446,321489,325504,335698,338576,342264,353320,352180,360933,373408,363475,368356,379624,380368,374270,375591,369260,357717,351404,356663,373438,377139,370684,372790,..
Benin,..,..,..,..,..,..,..,..,..,..,..,3452,4457,4371,4511,4901,2513,3207,3736,3690,3602,2546,3331,3195,3958,5026,4547,3872,3791,2676,2276,1790,1617,1617,1660,1660,6984,9632,10598,11976,13002,13977,16644,19404,19843,21911,27785,34255,34536,39519,44481,46060,47903,53845,56982,64049,81679,84334,94878,..
Plurinational State of Bolivia,..,..,..,..,..,..,..,..,..,..,..,14315,15378,16567,18165,21787,23981,27500,30850,31083,30292,29006,23815,25307,24687,24955,24977,28373,28673,30516,31672,33227,32780,37679,39191,43530,45540,43338,44635,44642,41191,40329,41134,43878,47880,48904,63702,71225,78997,85039,92300,101960,109292,120815,129029,132133,137555,146140,152752,..
Bosnia and Herzegovina,..,..,..,..,..,..,..,..,..,..,..,..,..,..,..,..,..,..,..,..,..,..,..,..,..,..,..,..,..,..,30564,25980,14624,11722,13367,13755,14186,14618,19457,18613,29119,29615,28318,28479,33059,31851,39778,42006,46805,48309,47161,47126,43978,39117,41186,42940,49860,52028,51591,..
Botswana,..,..,..,..,..,..,..,..,..,..,..,264,352,529,617,705,705,838,1102,1542,1983,3481,3791,4190,4459,4641,5392,5931,6418,7478,9109,9955,11417,11261,10869,12542,12678,13647,14625,15906,17178,18490,17688,18966,20626,21067,22836,24162,27819,25790,27145,28374,28670,29918,31019,33311,34812,35700,37289,..
Brazil,..,..,..,..,..,..,..,..,..,..,..,603536,681586,799117,874349,928441,999627,982453,1067444,1129070,1076563,1068422,1095082,1061730,1077089,1143284,1303202,1287681,1303028,1371297,1380144,1443317,1446464,1505141,1580796,1730613,1874945,1962804,2045183,2007333,1983601,2000737,2057460,2015134,2166451,2201941,2228079,2409910,2611933,2622524,2932735,3106202,3322250,3508533,3643811,3547735,3471944,3498299,3493822,3606051
Brunei Darussalam,..,..,..,..,..,..,..,..,..,..,..,1165,896,1210,1434,1434,2016,2419,2419,2912,4689,4438,5146,5810,5825,6405,6544,6945,7386,7562,7874,8495,9285,9685,10265,11013,11848,12373,11627,11500,11453,11933,12461,13027,13726,13414,14505,15822,15919,15799,16547,18034,18885,18676,19033,19126,18870,18778,19087,..
Bulgaria,..,..,..,..,..,..,..,..,..,..,..,70444,67694,66413,64080,63615,63079,61907,58080,57200,63115,57200,57200,57200,60157,58120,58064,58780,101780,107083,95661,53030,57418,63501,58148,62483,61445,62324,78772,82094,80089,82288,85677,93080,99070,111059,118368,116260,121217,116055,113252,116001,122498,110120,122578,135001,137377,139765,141782,..
Cambodia,..,..,..,..,..,..,..,..,..,..,..,..,..,..,..,..,..,..,..,..,..,..,..,..,..,..,..,..,..,..,..,..,..,..,..,16007,16046,16646,19202,18802,18136,20730,18181,18531,18834,20340,21758,27202,28288,36776,42728,45221,47602,48505,53013,58403,69195,73026,79954,..
Cameroon,..,..,..,..,..,..,..,..,..,..,..,7890,8580,8941,8667,10426,9778,14020,14329,15447,16415,16651,18223,20972,22038,24259,23051,23354,25955,25434,24315,21717,21786,23484,24492,23728,24042,25322,26151,22785,25804,25856,28619,29116,30042,29264,26082,29689,30492,34966,37122,38526,40239,42167,44806,43841,44315,40912,39763,..
Canada,714027,721231,756453,798495,846136,895570,953462,1004220,1058859,1102563,1160967,1202726,1287533,1406647,1468126,1495657,1561450,1583251,1660422,1829904,1855628,1839881,1600881,1561435,1611287,1644406,1642325,1711959,1824086,1854659,1805439,1755041,1825150,1855031,1943707,1999612,2047612,2111132,2155360,2207224,2183087,2148835,2312035,2341593,2397274,2459499,2442097,2547975,2522407,2458886,2539270,2562465,2592781,2676191,2665142,2661817,2677816,2753950,2855189,..
Chile,..,..,..,..,..,..,..,..,..,..,..,84169,82280,76840,73022,63336,64529,68017,75491,81434,87543,92918,88276,88607,88304,87120,89523,95575,108747,116506,127534,133108,144430,159876,172891,190982,207630,220055,231311,233898,237197,224522,231293,227743,235658,257869,254399,275491,286168,288578,299080,304495,312489,341221,330655,354211,369922,383314,396765,..
People's Republic of China,..,..,..,..,..,..,..,..,..,..,..,556720,618222,678135,742569,825618,838186,925052,917868,958259,909025,900345,944741,1012076,1086150,1120481,1229689,1302148,1391837,1447590,1264532,1373833,1533527,1751309,1632565,1794820,2392696,2086808,2008611,2244518,3501875,3598837,3916490,4455609,5265666,5654087,6202604,6697448,7303833,7486223,8252240,9048996,9978487,10801352,11253700,12113739,12414161,13005027,13590385,..
Colombia,..,..,..,..,..,..,..,..,..,..,..,96910,102191,110204,123256,132855,141680,147356,157410,164302,168238,170546,178298,186869,192744,199252,202989,209479,226796,231618,233513,243775,257418,260987,242831,290029,297243,311710,304914,271876,263492,274474,244970,251171,286258,281039,299558,303936,312929,291414,302475,364572,384998,373181,388650,419041,435717,434083,446218,..
Republic of the Congo,..,..,..,..,..,..,..,..,..,..,..,4762,5239,4942,5249,5425,7080,5303,6475,6259,7041,7476,9002,9144,8104,8317,7753,7965,7495,7144,7103,7498,6542,6541,4055,5799,4395,3422,4382,4259,5884,7585,5887,8240,9726,9958,12149,13252,16208,17647,20386,22610,22058,26285,27733,23503,20074,18257,18257,..
Costa Rica,..,..,..,..,..,..,..,..,..,..,..,9455,10729,11746,12684,13776,15051,16360,18191,18573,18411,16279,14523,15066,16116,16545,18122,19199,21644,23251,22037,22938,33510,34543,36238,36117,36441,37322,41346,42994,41678,44394,49034,50180,53777,52706,55444,59565,61072,61888,63650,65236,66924,68038,69454,74235,79304,80895,82188,..
Côte d'Ivoire,..,..,..,..,..,..,..,..,..,..,..,12296,13395,12793,13347,14202,16988,18179,19731,20881,21763,21058,19695,17800,16556,16601,16084,15343,15423,17189,16570,16374,15756,15261,15174,17019,17354,19040,16791,19525,17656,17220,19501,14208,15657,16814,17700,17755,21457,21773,20552,22072,32830,34519,36617,43709,53553,49720,55247,..
Croatia,..,..,..,..,..,..,..,..,..,..,..,..,..,..,..,..,..,..,..,..,..,..,..,..,..,..,..,..,..,..,51424,41205,39495,41436,43718,46381,49106,55228,57786,60929,61411,62080,66317,71738,73856,76371,81256,86414,85269,85342,81957,80364,78875,79746,78815,82830,84842,91117,89097,..
Cuba,..,..,..,..,..,..,..,..,..,..,..,57977,56548,61906,60536,64142,64516,67124,70618,74160,74411,77989,74404,74853,79553,76675,78861,78341,82236,79840,71285,51963,36164,27220,26503,27676,30875,38333,34832,33043,30614,31143,29104,26900,27952,27216,26069,26562,26447,20776,18351,17997,15887,18395,20521,21931,21810,23846,26047,..
Curaçao/Netherlands Antilles,..,..,..,..,..,..,..,..,..,..,..,20495,20323,18693,17140,16034,18596,18982,23131,21367,21367,19840,18553,18605,17470,15305,12577,13182,13700,12511,12338,13680,14763,11539,15503,15596,15778,16475,17086,17870,18611,18960,18960,19047,19439,19875,20529,21313,21749,20877,21270,21531,15141,14824,15130,15000,14958,14957,14883,..
Cyprus,..,..,..,..,..,..,..,..,..,..,..,8538,9418,10467,7725,6306,6646,7257,8035,8384,8678,8634,9113,9936,10674,11223,11877,12893,13524,14528,16118,16085,18048,18299,19039,20193,20879,21780,22808,23416,23974,24759,24559,26041,27488,28072,27972,29881,31062,31156,31804,30940,28621,25826,24953,25854,27192,28062,28219,..
Czech Republic,..,..,..,..,..,..,..,..,..,..,..,80569,84501,90805,86044,96285,103046,108111,106155,108349,96113,107578,91443,92900,98155,96620,95861,97489,99058,105554,108493,94920,121584,121729,129399,112001,151610,155957,159829,174725,177268,187788,196106,221444,228562,244759,249428,263251,264307,258966,245956,246834,240841,238725,247208,257539,267121,275171,276943,..
Democratic People's Republic of Korea,..,..,..,..,..,..,..,..,..,..,..,24828,26200,28021,34882,39272,37510,40289,57557,68291,77202,73942,70115,69897,57175,63814,49794,53538,56581,64284,65307,58047,47174,43255,29040,35201,28389,15709,29374,12302,23585,21796,21841,21314,21490,18107,13843,16569,16964,18292,18425,18555,18293,20052,18643,19558,20081,19431,19365,..
Democratic Republic of the Congo,..,..,..,..,..,..,..,..,..,..,..,6003,6362,7123,7750,8154,7616,6675,7526,8826,8646,8512,7168,8512,8602,7840,7885,8154,8288,8288,8122,6869,6290,6336,6476,6480,6524,6438,6524,6255,10996,9020,9627,11432,12446,15431,16616,18552,21029,21038,22985,29431,29250,45812,62385,36870,26295,29699,28748,..
Denmark,46193,50661,53560,58619,63759,72552,80211,81492,89245,98359,102870,105411,108614,113188,111694,122015,125113,128086,131581,131271,126743,123087,124178,123212,130803,150869,156644,154142,154268,158399,144354,152495,152169,156066,162331,164085,165832,167793,168797,169437,169167,169510,172017,178382,183883,187164,189612,197623,194343,184688,182935,183216,170793,168289,169595,175670,179379,182595,185139,..
Dominican Republic,..,..,..,..,..,..,..,..,..,..,..,20041,21138,22291,23778,24866,25722,26152,25299,27303,25212,21378,20872,24722,27877,28098,29900,37456,32630,44014,32514,32158,34566,37644,44491,49657,54834,62874,69741,74207,75977,76100,81583,75190,77671,82093,83420,84941,77825,80833,82474,87153,94305,83366,73149,88271,95382,93787,103080,..
Ecuador,..,..,..,..,..,..,..,..,..,..,..,25980,25834,29172,31467,37338,41453,50614,58754,48823,56151,63974,66063,67198,75013,79543,82155,79219,96191,93398,108582,111446,112920,113321,120077,114379,138894,146935,137941,125011,111457,118227,122870,127289,131668,137651,141759,138898,138151,145487,176615,191069,197704,210779,226492,236234,238903,254383,258310,..
Egypt,..,..,..,..,..,..,..,..,..,..,..,55577,64045,62394,71490,64381,73169,83626,87755,94330,114478,126826,126460,143069,159503,170889,171388,179862,193968,207816,224572,234493,243166,252531,276627,293153,310306,330094,366294,389347,400845,387869,399909,422269,432886,426456,464024,514021,544363,581820,623501,651600,710938,716736,747463,767549,801008,777717,753638,..
El Salvador,..,..,..,..,..,..,..,..,..,..,..,7925,8890,9375,9635,10611,12102,13198,14868,15078,11935,11223,11662,11801,12238,13331,13155,14648,15746,16490,17569,19138,22186,24256,25846,29395,29150,29688,31904,36219,35062,35286,34218,37341,39521,42527,40865,43772,41054,42535,41914,43352,38187,38787,39115,46079,48174,47267,48817,..
Equatorial Guinea,..,..,..,..,..,..,..,..,..,..,..,179,179,179,179,224,179,179,224,179,134,179,179,90,134,45,90,179,179,179,266,311,311,220,221,264,524,1263,1092,1613,4960,2916,8003,9225,9487,10507,11379,11901,12077,12209,12340,12381,12646,13475,13738,13911,14087,13450,12656,..
Eritrea,..,..,..,..,..,..,..,..,..,..,..,..,..,..,..,..,..,..,..,..,..,..,..,..,..,..,..,..,..,..,..,..,1597,2906,3955,4521,5262,4964,3191,2932,2840,3455,3718,3802,3447,2487,1924,1708,1573,1619,1970,2149,2328,2417,2462,2507,2552,3083,3212,..
Estonia,..,..,..,..,..,..,..,..,..,..,..,..,..,..,..,..,..,..,..,..,..,..,..,..,..,..,..,..,..,..,34421,31483,16333,16745,19956,19937,21802,22353,23550,23454,23372,27808,29310,28235,28685,30171,32402,34143,33332,29987,32002,31735,32095,31278,31485,32119,32790,33811,34982,..
Ethiopia,..,..,..,..,..,..,..,..,..,..,..,7605,7204,7997,8402,7284,7594,8030,9078,9804,8814,9248,8817,8951,8429,9011,10539,11939,12417,12807,12776,12864,10045,12107,13515,15138,16749,17697,19395,20005,21924,27394,28616,29774,32096,29019,30876,33515,34678,36336,37128,39263,44539,52076,58033,64674,78581,88226,94244,..
Finland,38119,42741,45459,47709,55223,59707,67205,69865,71246,77487,85496,88412,93576,100986,98414,106028,107167,107942,109484,117897,117107,118726,121521,124412,128085,133919,142097,152150,154412,163001,165392,161145,160562,157155,163438,160546,156752,165262,167451,171634,165563,167681,170343,173324,177970,178117,180638,185340,179484,174074,180882,180956,176609,175659,171783,171543,174562,175502,177438,..
France,487643,515046,524163,568457,598915,626027,650210,676798,722521,766214,804521,873837,951575,1034372,1025676,1057674,1152280,1163210,1240528,1246652,1269013,1290625,1300095,1312101,1334619,1331165,1393829,1438671,1522778,1558839,1611340,1656080,1689906,1704195,1718334,1730828,1732658,1769331,1829224,1835436,1877061,1900227,1898661,1877719,1881120,1857744,1865749,1882738,1837075,1823097,1824108,1901413,1894989,1879832,1890835,1909608,1915482,1932174,1897055,..
Gabon,..,..,..,..,..,..,..,..,..,..,..,0,0,538,538,627,1105,5911,7510,3518,3336,6092,6462,5831,3340,4474,6468,4330,4730,5704,4477,5428,5074,5419,4347,4737,4783,5268,5624,5367,4440,5021,5455,4889,5192,5107,5153,5891,6074,5680,8870,10094,10435,11751,11537,11234,11760,2926,2957,..
Georgia,..,..,..,..,..,..,..,..,..,..,..,..,..,..,..,..,..,..,..,..,..,..,..,..,..,..,..,..,..,..,56000,42248,34421,29412,23090,15615,36901,29148,18765,17370,15001,17639,18520,18962,18408,22864,23546,30217,25895,31470,33631,33870,36010,46512,52213,57164,63821,57962,56636,..
Germany,672275,712517,764733,814158,856861,874032,923760,915996,960534,1021047,1322986,1407566,1468786,1512590,1456985,1517268,1542008,1627320,1761702,1817274,1850542,1793634,1797414,1826906,1879946,1884252,1968493,2039357,2110446,2158521,2279941,2324468,2358021,2421052,2383157,2412742,2430479,2443081,2481471,2547296,2491573,2441450,2413712,2373494,2379658,2299497,2328663,2273572,2238428,2200436,2225242,2245552,2228851,2269612,2301794,2331213,2380092,2415891,2350497,..
Ghana,..,..,..,..,..,..,..,..,..,..,..,14594,14624,15475,16008,17236,17946,19128,19178,16172,17765,20789,18895,14056,13854,17738,19024,19378,20410,23045,22739,21098,25160,25336,26306,28633,31229,32600,38813,43155,41038,41055,47384,43832,50856,50151,50676,53387,57679,70250,71602,79678,95247,100832,101512,110051,101704,98767,112405,..
Gibraltar,..,..,..,..,..,..,..,..,..,..,..,474,345,346,345,346,302,302,260,474,559,602,645,474,432,518,858,1034,1210,1039,1167,1849,2280,2280,2834,2749,2791,2921,3092,3222,3351,3480,3523,3565,3995,4081,4252,4167,4167,4640,4683,4511,4596,4897,5327,5756,6229,6772,7342,..
Greece,31311,36322,37535,39242,36147,38004,41426,44167,45724,49814,62675,68194,79235,86561,71218,72333,101690,111183,119429,124781,133472,135216,138192,150829,158308,163573,167067,172666,188092,198954,210986,222235,227989,231129,232383,234223,241192,249182,271363,273851,267860,277300,281411,294652,300318,306019,314828,325077,315085,349857,313183,280864,235227,234828,235947,240883,246898,243476,246904,..
Guatemala,..,..,..,..,..,..,..,..,..,..,..,9645,11633,13435,14536,16329,13908,16902,17983,18999,19009,17628,16438,15840,17202,17810,17095,19905,21658,22258,23937,24880,26106,28694,30462,38066,37988,40275,47970,50416,54053,62919,68402,68142,66376,71315,73837,78148,71623,81501,80397,78630,78993,83013,88702,101773,110616,114327,119468,..
Haiti,..,..,..,..,..,..,..,..,..,..,..,2029,2204,2467,2470,2819,3521,3700,4056,4362,4229,4269,4179,4135,4223,4221,4441,4751,5189,5674,5936,5540,5667,5270,1583,6985,7824,8051,8886,9185,9848,10803,11375,11027,10714,10793,10787,13098,12695,13025,14905,15263,13438,12526,16245,19543,19807,20083,20381,..
Honduras,..,..,..,..,..,..,..,..,..,..,..,6366,6803,7462,7061,7318,7583,8068,8641,9122,8589,8803,8971,10109,10590,10721,12077,13001,13739,15056,14487,14363,16176,18335,21371,21568,20881,22975,25494,29467,29425,31356,31404,31914,32413,29452,27568,43710,42239,41306,41351,42522,44129,43942,45751,55657,55834,54665,57266,..
Hong Kong (China),..,..,..,..,..,..,..,..,..,..,..,17708,20564,21112,18930,19922,22266,23244,26314,38159,34275,40493,43581,44018,42140,38968,49532,47334,57601,56110,62650,76241,86715,97448,107216,102358,96255,98001,159718,207410,157228,137466,108759,105477,71745,85432,76170,75694,75332,99788,91874,90854,88775,91721,92504,101941,107766,116049,110305,..
Hungary,..,..,..,..,..,59799,69367,75803,78264,86286,88677,93568,90261,95460,103643,105861,104476,114453,124144,121731,120536,116723,114636,108375,110826,112321,117975,122958,123787,128741,122770,107639,104005,103691,101078,103787,103538,109246,120722,128129,127166,133675,141947,148443,155146,167619,179340,185233,189545,188675,172632,160946,155845,146020,163499,176564,181049,188994,200514,..
Iceland,3737,3955,3781,3954,3954,4555,4552,4509,4118,3987,4032,4295,4515,5347,4866,5396,5776,5777,6475,6989,6604,7895,6863,6777,7352,6990,7379,8122,8389,8427,8866,9001,8949,8907,9283,8619,9623,8320,8675,8856,8893,9016,9020,9062,9499,9499,12611,13492,12791,12453,11855,11498,11262,11556,11607,12533,13813,14974,15348,..
India,..,..,..,..,..,..,..,..,..,..,..,529480,536510,524414,565294,589041,587292,608041,631858,672546,701529,714901,607976,633641,643488,682920,704652,750748,786528,866684,868690,905207,932954,946955,985876,1091773,1168897,1198216,1241011,1306392,1336373,1336535,1380705,1408919,1527505,1631304,1708300,2015554,2295976,2512343,2713104,2954245,3118394,3194428,3329947,3645932,3817847,4120556,4344508,..
Indonesia,..,..,..,..,..,..,..,..,..,..,..,112710,121418,129007,148001,162186,171771,186040,206013,221356,249320,274194,289972,280385,285455,293977,311852,341021,369470,401823,448481,499159,528074,563565,631241,685557,759506,843742,824056,818506,872884,929428,947555,967216,992384,980527,932081,956997,1017260,1154255,1262045,1533721,1835425,1939913,1966624,1747011,1963207,2061919,2276678,..
Islamic Republic of Iran,..,..,..,..,..,..,..,..,..,..,..,104573,114905,143864,168458,208648,250770,291671,302332,323718,298017,299182,326579,404977,437336,487170,460278,485406,484863,513004,545545,589778,616186,694719,790106,776193,834230,853482,889805,992504,1067251,1123714,1211696,1281789,1360881,1475944,1566225,1556538,1627120,1771496,1676878,1681701,1784409,1845689,2018581,1994084,1886078,1953775,2016221,..
Iraq,..,..,..,..,..,..,..,..,..,..,..,34446,38648,41053,47622,60518,76373,88321,100601,118847,136373,154795,186226,192373,207328,222208,226009,240172,253597,290330,303576,255394,324172,340793,344619,344028,335620,330544,336995,336841,367174,401148,387220,301319,336707,363628,361794,356548,343828,353296,388833,458600,496332,492522,404035,347829,354498,403418,471456,..
Ireland,17983,19535,20869,21751,23387,24480,26257,28692,30331,34728,37218,40187,42802,47268,48684,48632,49902,55601,65343,66715,64398,64580,61526,58847,57148,62828,62293,59837,61453,65391,68707,71427,77093,77416,80731,82644,96622,101899,120572,133466,144774,151516,154325,157050,166793,178035,194110,202421,192412,174918,166531,151718,147946,149624,156704,156175,168770,166580,169297,..
Israel,..,..,..,..,..,..,..,..,..,..,..,44393,44233,48339,48847,50059,50485,51194,56676,57788,58109,57430,62589,66218,63837,69712,74633,80935,84122,86145,112728,116458,127179,133779,143779,157752,166328,176641,164902,175600,186416,184834,192284,198733,197099,188101,192055,202327,222748,218642,229288,219128,239317,222095,224126,236703,244761,250236,252424,..
Italy,268392,301555,345708,395020,433582,461232,493656,536405,584490,628873,664442,692946,740381,793851,746509,794484,828076,877283,920749,1006551,1019662,1021746,1055534,1059326,1099974,1137974,1179662,1252759,1292425,1340076,1369373,1398294,1470389,1498476,1497873,1533015,1558729,1580653,1624779,1661417,1661824,1689836,1720042,1733815,1771432,1751711,1767528,1771636,1704338,1638352,1614693,1614937,1521849,1494741,1549508,1522922,1499482,1445510,1489642,..
Jamaica,..,..,..,..,..,..,..,..,..,..,..,18385,15112,14346,12349,13283,13377,12491,12133,11462,10302,10753,11818,12903,11662,11568,11927,12554,13390,13971,15302,14529,15206,16444,16490,19844,22832,24084,26162,27351,27456,26730,29418,29307,30003,31334,30441,29279,28878,28254,26346,26116,23488,24838,25863,25374,28007,29849,34074,..
Japan,491500,537398,597466,659027,747090,784921,862483,982488,1105440,1247130,1374837,1487070,1554007,1706209,1731584,1809971,1905054,1993179,2127674,2234255,2259851,2214686,2143401,2205495,2269779,2297267,2375386,2459413,2587364,2769354,3010575,3156544,3223422,3296945,3468026,3584595,3665548,3699999,3693665,3728407,3725912,3756546,3697086,3667288,3669488,3633587,3579645,3480032,3354141,3269467,3292474,3211944,3178478,3141743,3055694,3049090,3015722,2990464,2953795,..
Jordan,..,..,..,..,..,..,..,..,..,..,..,7281,8823,9960,11501,14180,16908,17695,21846,22736,23226,23187,30626,32730,31798,33230,39862,40111,40898,41078,37994,35244,37240,38360,38420,41948,42814,44834,45387,46433,50233,51842,52708,53611,61327,67502,66411,71326,64960,72436,73414,75082,95862,99386,98377,109404,115901,127545,125965,..
Kazakhstan,..,..,..,..,..,..,..,..,..,..,..,..,..,..,..,..,..,..,..,..,..,..,..,..,..,..,..,..,..,..,228306,279592,246569,205705,144933,143987,129718,111668,124453,94522,139028,122751,136074,129466,138116,148342,164297,187828,209051,187364,198929,206546,219302,206631,217031,229954,238246,231400,262843,..
Kenya,..,..,..,..,..,..,..,..,..,..,..,20596,20961,22385,22096,20560,21749,24620,24677,22881,26641,25387,24824,25327,30235,32490,36244,35639,34880,37075,37479,38233,35469,33102,31669,35926,37636,37284,38150,37488,37805,37292,38797,34634,38142,39932,44728,45215,46672,58095,69682,64519,68511,81691,91365,113389,123809,120917,129303,..
Korea,..,..,..,..,..,..,..,..,..,..,..,88876,82781,104610,97509,99611,109774,164094,190950,234407,200117,154615,175275,224757,247747,268671,313012,374309,428718,488897,610119,683287,759253,856150,904659,1015582,1072755,1097497,919727,1013731,1099689,1146592,1222319,1248668,1259376,1221922,1223494,1264934,1207921,1226745,1253829,1233231,1267546,1313714,1334187,1417582,1461694,1491509,1471522,..
Kosovo,..,..,..,..,..,..,..,..,..,..,..,..,..,..,..,..,..,..,..,..,..,..,..,..,..,..,..,..,..,..,..,..,..,..,..,..,..,..,..,..,7969,10080,10038,10553,10854,11240,11931,12664,13526,14171,13261,13725,13844,13191,14170,15666,16308,17252,18085,..
Kuwait,..,..,..,..,..,..,..,..,..,..,..,27581,30741,31274,29628,28874,30209,34602,42767,45887,74854,96540,122864,125177,102833,127805,130946,128448,152747,186845,40627,27356,64601,68257,72016,76333,78022,81517,83565,85970,86209,87715,93172,100984,107531,116208,131361,135812,149125,165333,178795,171363,176088,185560,188375,198068,200446,211857,223737,..
Kyrgyzstan,..,..,..,..,..,..,..,..,..,..,..,..,..,..,..,..,..,..,..,..,..,..,..,..,..,..,..,..,..,..,84591,65081,38048,22577,7506,16266,17057,18172,17725,16359,12362,12883,11419,13722,17222,15453,16542,24774,27782,32162,28052,39125,55564,55476,45389,38743,47576,25811,21083,..
Lao People's Democratic Republic,..,..,..,..,..,..,..,..,..,..,..,..,..,..,..,..,..,..,..,..,..,..,..,..,..,..,..,..,..,..,..,..,..,..,..,..,..,..,..,..,10670,11913,12217,12733,13253,13814,14678,16147,18509,20691,20862,20728,23081,26388,30585,32179,40859,41517,42652,..
Latvia,..,..,..,..,..,..,..,..,..,..,..,..,..,..,..,..,..,..,..,..,..,..,..,..,..,..,..,..,..,..,44136,40288,35363,33029,30379,28937,27866,28240,27850,27360,30280,35695,36612,38550,40445,42286,46670,52543,49630,43590,45459,40480,39015,39436,41236,43557,43387,45370,46538,..
Lebanon,..,..,..,..,..,..,..,..,..,..,..,18054,19846,23162,25805,21414,22131,17920,21190,21952,26746,28941,22400,27597,28672,33107,29837,30464,21459,26880,26880,33600,46637,54348,51034,60264,62457,60086,64252,61206,57667,53859,54082,57667,57936,58384,56191,44185,64076,73798,72813,73037,114465,95285,101111,118172,125491,131925,115231,..
Libya,..,..,..,..,..,..,..,..,..,..,..,9498,18301,23014,29088,36959,40943,45205,52318,55768,65726,76564,81653,80987,83912,82210,80007,82659,83860,86114,86518,87182,88459,103916,123547,133196,146811,140745,138894,152692,155465,160592,163857,166466,173604,180402,182113,166047,189793,219153,255199,191224,237901,249784,275091,215275,258130,244200,237746,..
Lithuania,..,..,..,..,..,..,..,..,..,..,..,..,..,..,..,..,..,..,..,..,..,..,..,..,..,..,..,..,..,..,77949,86055,56503,43214,34039,41846,45985,51288,53899,48123,43124,47063,48755,49565,54387,57832,62311,73281,73153,60641,61960,61412,62458,62197,68849,72966,77721,81701,86761,..
Luxembourg,5529,4914,5323,5673,5442,5937,6092,6132,6518,6796,7022,7661,8584,9770,9763,12065,12799,13168,15201,17317,18156,20332,20461,20098,20448,22038,22819,25448,26646,31065,36829,44100,48129,48586,49355,46974,48276,51151,53475,59278,67373,70695,73493,80956,94037,99059,94791,92915,94131,86813,91646,97182,92931,91173,87835,82424,80288,82818,88477,..
Malaysia,..,..,..,..,..,..,..,..,..,..,..,56981,58594,65483,68984,72468,77039,72601,71711,80732,89715,96362,102484,118550,122636,129319,138081,146290,159858,175229,204393,220003,235089,245292,271303,288859,330030,378939,355810,429305,452628,491040,502971,535484,575310,572974,548926,587155,617442,604066,624982,629145,631810,830661,928927,880526,905261,873072,877740,..
Malta,..,..,..,..,..,..,..,..,..,..,..,2866,3042,3430,3045,2612,2704,2750,2784,2872,3718,3805,4316,4110,4104,1988,6255,6261,6268,6268,6268,7038,7297,8256,8256,9668,7559,10295,9018,8287,6362,5930,4067,5125,6173,6942,7155,7372,8074,7128,7783,7703,7617,7723,7899,8395,8395,8701,9686,..
Mauritius,..,..,..,..,..,..,..,..,..,..,..,1803,2151,2326,2589,2852,3111,3380,3470,3385,3386,3295,3255,3301,3344,3343,4353,4792,5186,5808,6157,6290,6994,7520,7662,7580,7543,7371,7467,9801,10453,10447,10793,11231,11498,11908,12032,11571,11654,12101,12835,12968,13272,13541,13899,14389,15274,15598,15880,..
Mexico,..,..,..,..,..,..,..,..,..,..,..,429509,477231,519468,564356,603338,654685,694953,753849,851381,954644,1066632,1064265,950065,999410,1008169,997917,1023420,1043242,1147894,1185119,1269154,1274398,1303728,1383557,1270787,1302494,1358514,1395207,1434671,1500712,1534225,1563030,1656715,1746607,1852071,1951455,2061796,2145996,2098645,2138915,2153184,2164273,2140500,2147293,2139244,2216572,2152876,2229761,..
Republic of Moldova,..,..,..,..,..,..,..,..,..,..,..,..,..,..,..,..,..,..,..,..,..,..,..,..,..,..,..,..,..,..,35302,33306,31673,20321,19406,19365,21312,20704,16356,10912,10688,10612,14182,16588,18587,17113,17089,18576,22422,21290,24531,26232,23139,24250,25062,27374,28794,29021,29539,..
Mongolia,..,..,..,..,..,..,..,..,..,..,..,..,..,..,..,..,..,..,..,..,..,..,..,..,..,17836,18593,18998,27150,20596,21205,13691,12264,13104,9384,11207,11746,10903,11172,11344,13440,12906,14350,14201,16092,14657,17640,21392,22651,20565,20030,23682,27413,26889,27764,28152,24687,29278,30276,..
Montenegro,..,..,..,..,..,..,..,..,..,..,..,..,..,..,..,..,..,..,..,..,..,..,..,..,..,..,..,..,..,..,..,..,..,..,..,..,..,..,..,..,..,..,..,..,..,6588,6506,8426,8414,8717,9574,8877,8446,6881,6778,7770,9138,9813,10522,..
Morocco,..,..,..,..,..,..,..,..,..,..,..,24667,26399,28357,28417,30471,31955,35623,36461,40495,36400,35912,38699,37476,36078,36623,38734,40657,42612,48535,54381,60286,66821,72277,77968,82601,88157,94089,100036,106693,112208,118563,124230,129351,134018,139515,143741,152800,167441,177148,186401,197282,200215,208068,210766,223951,233731,241817,249882,..
Mozambique,..,..,..,..,..,..,..,..,..,..,..,4480,4032,4390,2867,2464,2778,3629,3494,2598,4166,3808,3450,3360,2957,1792,1478,1568,1613,1702,8330,6860,9356,11566,9492,9974,11058,11281,11505,11550,11597,11521,12480,15390,15602,14322,15479,19247,18813,21022,23407,27040,26355,28577,30711,35046,35152,38734,48927,..
Myanmar,..,..,..,..,..,..,..,..,..,..,..,21361,20735,18138,21920,19136,20291,22649,23189,25239,26533,26138,27054,25570,28124,26324,29139,17346,17528,17375,18599,17419,14535,22017,25303,37392,40140,33174,40770,41528,48445,39142,47934,53410,58652,64599,55323,61964,30241,33124,34017,34774,44172,50964,57235,62420,64014,85139,87976,..
Namibia,..,..,..,..,..,..,..,..,..,..,..,..,..,..,..,..,..,..,..,..,..,..,..,..,..,..,..,..,..,..,..,6877,7351,7622,8226,8942,14659,15041,15592,16119,16067,19292,16987,17762,18791,22059,19830,19959,21496,23820,24923,25291,24704,26169,27785,29402,29726,29467,29305,..
Nepal,..,..,..,..,..,..,..,..,..,..,..,881,881,924,835,963,1138,1224,1311,1571,2176,2040,2321,2502,2872,2876,3245,3243,3152,3427,4628,5505,5964,6563,7579,8508,8788,10081,10548,10597,11302,10292,10855,10770,11504,11508,12200,12520,18371,24056,26658,26953,29772,33568,37412,32224,53606,66713,73779,..
Netherlands,103491,111259,128672,138957,151562,165622,178737,193671,206654,220805,234069,243491,260012,273564,254766,274106,315440,325465,319807,311614,317900,323752,311382,318194,323980,322308,335036,336828,349986,365817,385719,392494,412922,425096,417435,421313,438914,438576,448352,455278,454406,457919,468086,474906,482176,484942,498615,500266,503353,486668,489046,494099,473614,460884,430408,434994,436342,448247,457926,..
New Zealand,44630,48120,47768,48860,54430,58047,61954,62429,66708,65671,69498,71956,80266,81275,89130,93615,94274,94792,95682,95259,95832,94779,96059,97008,102481,104166,107863,111005,118187,125202,123825,123745,129023,134250,143329,152587,154258,157378,159766,163596,170121,171004,177645,185020,189433,190085,192316,194061,195208,191385,191174,191556,190080,191925,193597,201572,205819,219138,223873,..
Nicaragua,..,..,..,..,..,..,..,..,..,..,..,9706,10194,11567,12346,12667,14080,15525,14422,10466,12250,12365,11790,12216,11737,11428,12747,13139,11772,9957,10311,11193,12824,13165,13976,15368,16102,17005,18524,19393,19999,20225,21098,21007,20210,20128,20675,21464,20994,21416,22232,23181,24574,23956,26160,29582,30475,32511,30797,..
Niger,..,..,..,..,..,..,..,..,..,..,..,..,..,..,..,..,..,..,..,..,..,..,..,..,..,..,..,..,..,..,..,..,..,..,..,..,..,..,..,..,4908,5086,5129,5526,5655,5650,5828,6839,6966,9120,11174,10773,14571,15407,16347,16906,16422,17227,19058,..
Nigeria,..,..,..,..,..,..,..,..,..,..,..,40623,47453,57061,63494,75692,100424,132009,162058,163773,190049,196715,211889,220265,203146,192158,184327,181673,199203,201114,166303,216764,264065,226570,182163,209882,240554,308339,254694,277618,310168,377643,391104,411302,417959,407633,343740,300890,360501,337558,425307,455108,504123,637961,700253,636762,729144,729760,949939,..
Republic of North Macedonia,..,..,..,..,..,..,..,..,..,..,..,..,..,..,..,..,..,..,..,..,..,..,..,..,..,..,..,..,..,..,10891,10983,10983,20181,13281,12480,23231,20592,14211,15110,13712,13222,13857,13905,14214,14315,14335,16438,16851,18059,18861,19726,18823,21343,22310,24754,28220,29290,29198,..
Norway,50129,51963,53677,57858,61859,66671,74003,77420,82157,87684,95332,96566,99041,96091,96919,113026,107937,117454,120393,132148,121079,116405,118018,121073,126408,132030,143207,145279,147856,149841,142716,144234,147697,155604,153381,162761,169881,172485,178504,181139,169922,172864,172801,177790,182741,183377,191855,200941,198417,194713,202818,195770,192852,199941,201419,205935,207520,192651,192986,..
Oman,..,..,..,..,..,..,..,..,..,..,..,1344,1344,1658,2554,3629,4928,8781,7392,8512,9184,9901,11514,13261,15770,17786,18861,18010,18592,19622,24099,25852,27946,29765,30204,31365,32526,34578,35690,36408,37566,41214,40236,43535,45939,52538,58674,87184,103432,106446,117908,136955,155436,171148,179921,189511,176226,175271,173380,..
Pakistan,..,..,..,..,..,..,..,..,..,..,..,43510,41144,45493,47348,53126,57374,60066,71571,83643,92703,102430,115668,116015,128096,135318,142566,164908,177101,184395,188370,195282,220040,251413,265641,276062,311548,319189,335853,353838,349904,349668,355245,373665,404526,379630,388751,468898,458855,469473,482713,506934,515190,525173,556181,626421,698109,764578,809154,..
Panama,..,..,..,..,..,..,..,..,..,..,..,11209,11694,12717,13201,13460,14258,14428,15269,14855,14710,14386,14553,14855,15291,15637,16475,17133,16358,16838,17808,18600,20018,21571,23078,24270,25460,27141,30275,32339,32540,31161,33023,34705,35701,39934,41879,39441,44015,47805,49609,51239,51789,51945,55841,60939,65844,68106,67467,..
Paraguay,..,..,..,..,..,..,..,..,..,..,..,6025,6360,7378,6959,7125,7949,9976,11726,13329,15596,15299,15290,14548,16590,17123,17415,19633,21858,22450,23271,22069,26166,32397,36072,40815,41047,46036,48168,48186,38719,41226,43276,46082,45932,42454,44957,48054,51303,54480,64070,67394,64147,69140,72801,80494,94061,106248,111885,..
Peru,..,..,..,..,..,..,..,..,..,..,..,74496,79839,88025,85334,90572,87389,81883,77654,79403,85598,96435,94467,86159,87648,82092,87170,100255,102392,93768,99524,89154,96164,98204,110991,120601,126038,130246,129417,136537,134129,125016,123277,129252,145910,138756,149341,156284,191750,213261,250343,265687,265094,288022,285465,312343,341600,347070,358106,..
Philippines,..,..,..,..,..,..,..,..,..,..,..,134570,136634,142995,135837,140439,139688,141586,145394,143738,136481,130756,132854,134988,134234,135190,141300,149210,156289,165750,189231,191085,217501,232443,253568,303332,343821,370393,373114,372411,339235,365702,368942,355385,367697,347314,322905,306049,310140,331493,336799,334500,350451,367555,383717,443414,479834,495998,514164,..
Poland,292674,297469,313929,322578,321126,314109,323654,331215,346369,348137,353129,348569,365720,375441,379380,398738,394097,405206,410303,395861,384082,357634,332313,352116,351299,343199,356342,362372,350987,349466,298618,310637,314976,308494,319988,331438,373160,393979,413931,449499,398347,396292,384594,420314,471718,506587,559429,615229,655158,666675,709058,718219,688224,649722,655611,693113,776171,895983,937175,..
Portugal,23816,26035,30501,31338,29985,31172,35633,37907,39433,41680,49759,54720,59813,66867,66146,75269,75788,78810,80687,87625,94714,97902,104124,101805,98891,93239,99496,108964,119669,127168,135893,145200,158059,165930,174653,180884,191672,199201,216771,226797,245332,248271,257268,269961,276073,264685,266608,270545,271219,270682,268990,249695,230108,226115,227291,231075,236696,240754,243196,..
Qatar,..,..,..,..,..,..,..,..,..,..,..,3263,3838,4683,5513,6209,8876,10990,11707,13036,14631,16567,19171,19316,17888,17586,17387,17804,19265,22444,20762,20941,22308,23587,25072,27619,29421,32880,34562,32251,34013,36773,40613,47074,52509,65897,78522,90448,116352,117376,122905,136221,129452,141218,170369,176760,182902,186727,163024,..
Romania,..,..,..,..,..,..,..,..,..,..,..,111283,115486,118993,98756,125525,129668,117920,113564,110176,106278,64636,88836,76076,72864,70568,66840,89423,84966,157866,173623,150224,154235,123638,129662,121057,167117,169744,160649,134412,137960,167593,171145,178963,185146,173699,178383,190610,214909,217429,200251,207067,224691,218083,221489,224393,241232,258375,264827,..
Russian Federation,..,..,..,..,..,..,..,..,..,..,..,..,..,..,..,..,..,..,..,..,..,..,..,..,..,..,..,..,..,..,4851689,4744423,4538776,3871926,3440159,3187946,3047295,2796588,3257283,3278931,3118417,3217476,3292614,3468479,3717833,3708351,3832497,3873357,4069909,3752254,4039988,4120669,3920088,3929448,3967133,3930269,3947856,4013422,4229372,..
Saudi Arabia,..,..,..,..,..,..,..,..,..,..,..,46446,55103,60907,69067,84915,101384,153774,258432,309821,275730,357352,414286,572539,649678,614152,563649,631808,662465,625533,686806,715546,759331,800833,853487,757245,795134,807393,810833,814108,852936,877835,929027,960755,1009853,1060204,1144827,1275590,1377209,1420806,1474893,1629029,1772238,1803372,1911195,2053753,2046923,2000766,1903081,..
Senegal,..,..,..,..,..,..,..,..,..,..,..,6094,6579,7147,7060,7592,8343,9004,8876,9621,10008,9475,9380,10297,10675,10357,9876,9005,7574,9516,10077,10333,10851,10407,10233,10803,11672,12674,13982,15154,16114,16078,17561,19299,20768,20025,21233,27703,29841,26657,28143,30020,28713,31872,33433,37112,40492,32952,34172,..
Serbia,..,..,..,..,..,..,..,..,..,..,..,..,..,..,..,..,..,..,..,..,..,..,..,..,..,..,..,..,..,..,63806,45916,32621,38339,37335,38954,64682,89379,69336,36914,33283,51754,62717,68610,88358,92343,99787,77410,96685,92082,91153,83480,73868,80605,83423,82287,84103,87625,88824,..
Singapore,..,..,..,..,..,..,..,..,..,..,..,21233,22428,24922,24190,25922,28407,33867,35869,40836,39580,42127,45184,47028,50356,47059,48072,49687,48926,56819,56851,68585,66389,65946,71649,78814,71691,71076,71337,72174,73405,74804,74466,74660,76144,81856,85093,88069,90208,98725,101539,108223,105345,98743,101861,108545,108681,107690,106115,..
Slovak Republic,..,..,..,..,..,..,..,..,..,..,..,60871,63677,70161,69265,60687,61129,61968,66994,71064,62988,64904,60833,51071,52827,52717,54605,56525,58621,59868,60540,52013,52539,44822,51909,57587,52310,60820,61699,62319,59971,83562,92313,85368,90457,98327,92456,101407,111390,96575,108253,108290,96883,97455,92071,91453,102476,116980,115799,..
Slovenia,..,..,..,..,..,..,..,..,..,..,..,..,..,..,..,..,..,..,..,..,..,..,..,..,..,..,..,..,..,..,37807,35588,36667,44144,49228,54810,61988,64790,54050,51205,50855,52939,54085,54810,57120,60754,64115,72569,85330,72083,74543,78887,79586,75835,75216,74278,78882,81043,82389,..
South Africa,..,..,..,..,..,..,..,..,..,..,..,371502,376268,399020,378365,417576,401402,391716,401749,350550,357791,374108,376084,373236,396097,379826,375498,395554,415817,422409,431134,431356,441692,441557,459072,513364,500777,514592,509889,515702,515937,527582,540679,568378,602617,626661,635005,706887,671121,644723,664318,695912,697201,763980,729301,764796,733516,803692,804448,..
South Sudan,..,..,..,..,..,..,..,..,..,..,..,..,..,..,..,..,..,..,..,..,..,..,..,..,..,..,..,..,..,..,..,..,..,..,..,..,..,..,..,..,..,..,..,..,..,..,..,..,..,..,..,..,12977,12757,13193,13989,12889,10058,7991,..
Spain,210015,240194,268522,279240,267763,273665,296039,308974,345347,305110,325662,356816,381225,454323,491064,508838,557426,552482,583943,654068,631146,598402,597697,603364,626606,621241,642061,678162,803364,849927,891244,927611,978824,964634,999445,1011136,1078270,1078234,1178819,1235622,1266445,1324325,1350753,1420872,1478762,1533424,1571349,1616377,1542244,1443537,1420245,1346517,1235741,1169220,1178445,1220379,1269684,1315929,1349211,..
Sri Lanka,..,..,..,..,..,..,..,..,..,..,..,18640,23378,22506,20008,18048,19734,21441,25241,28114,28593,28563,30161,28591,32025,33419,33598,34437,34791,33021,34290,34493,38370,41012,47786,50694,69336,63839,66723,73904,70534,71417,72778,77581,80220,86806,82423,90487,82988,76020,95353,101401,101668,106558,112121,119583,129682,145229,138140,..
Sudan,..,..,..,..,..,..,..,..,..,..,..,28031,29721,33622,34403,29478,21884,23425,28419,29263,31244,30994,35285,35455,31352,37647,35501,27617,43744,38685,54098,42800,42770,28121,40789,38267,36338,42918,40898,33449,36386,47048,53970,51729,56282,66814,80197,87518,104925,104626,117778,119953,116632,122820,127487,135146,153698,152546,149005,..
Suriname,..,..,..,..,..,..,..,..,..,..,..,..,..,..,..,..,..,..,..,..,..,..,..,..,..,..,..,..,..,..,..,..,..,..,..,..,..,..,..,..,4074,4160,6001,6399,6623,7063,7462,7499,8035,8226,9404,8055,9715,8728,9421,9515,8541,8539,8547,..
Sweden,111825,120659,124367,134053,147222,154106,160897,159765,172490,181198,204179,202856,207362,220424,218481,225681,241073,250306,257169,253184,244050,239833,241305,246047,257776,265874,282771,287550,302714,310267,289437,285412,296561,282842,293026,296751,294604,297209,300245,307040,309510,307863,311656,316850,325085,310442,314147,318588,312990,306421,311661,312019,300474,297009,296953,303199,300330,306639,299535,..
Switzerland,59717,70559,70541,80697,89859,94537,101095,103715,107566,115424,125044,137915,142734,148095,142242,135302,135482,143678,145794,146050,154877,159048,162470,169446,173216,174707,184266,188021,198248,202938,215927,222056,227152,212179,216605,212984,213305,220040,222271,222234,244439,240168,240897,243087,244213,245315,247250,251841,257506,253883,253108,249653,251669,250736,248395,239564,238749,236419,238462,..
Syrian Arab Republic,..,..,..,..,..,..,..,..,..,..,..,20063,22892,24150,26954,35067,43118,48137,48776,50290,50457,52492,56018,61830,66747,69812,70002,78315,77648,94052,101290,106240,99578,104503,104732,104389,122256,125047,129225,110686,117019,111459,120879,109071,142932,187696,199575,213608,216622,182295,180588,180100,147473,90766,84291,79820,85638,95631,89507,..
Chinese Taipei,..,..,..,..,..,..,..,..,..,..,..,32946,39939,50546,54377,63658,75351,83851,97870,110850,119216,120239,128302,141518,156552,164004,178104,197772,228149,255543,276824,294465,338747,367852,388282,406669,420937,431648,450293,463578,469803,470425,488395,488545,507548,521643,520211,502436,473642,479370,495509,499900,488835,488222,494170,506199,521351,516125,506218,..
Tajikistan,..,..,..,..,..,..,..,..,..,..,..,..,..,..,..,..,..,..,..,..,..,..,..,..,..,..,..,..,..,..,11280,11280,5280,4224,3169,2884,2264,2236,1913,1136,771,1432,1843,1535,2019,1968,2540,3860,3816,3596,4061,4797,12535,12728,21580,18715,18071,16531,17061,..
United Republic of Tanzania,..,..,..,..,..,..,..,..,..,..,..,9903,11817,11262,10561,10363,10429,10019,9283,9940,9633,9452,8601,8781,8786,8919,8874,9185,9274,9134,9707,9100,9501,9904,9904,12410,16528,16184,19126,15887,20056,24029,30123,31698,32887,37913,39883,39126,42524,41438,48640,55780,71423,78052,75684,79503,74203,74867,78148,..
Thailand,..,..,..,..,..,..,..,..,..,..,..,79672,87230,100013,91971,97434,115666,124051,130814,141784,134193,140328,136100,162449,190148,200640,211536,244486,279796,334468,377253,391622,414917,487851,542088,645186,704527,702101,608616,626596,611647,628453,663583,708356,759620,759253,710931,778038,762429,818740,833896,882669,932949,947343,935248,996056,1053550,1142023,1153798,..
Togo,..,..,..,..,..,..,..,..,..,..,..,2843,2934,2765,2547,3378,2689,3393,3266,4253,4404,4345,5061,3184,2588,3224,5613,6183,5795,5925,5943,4496,3800,2338,4551,5522,9164,6042,6809,8093,6010,4108,6705,9770,8997,8615,8054,8994,12216,26788,22205,20518,17408,10405,5595,9852,8588,12317,14054,..
Trinidad and Tobago,..,..,..,..,..,..,..,..,..,..,..,10350,11775,15799,12636,12694,13190,16183,17858,18533,19905,21148,22619,23082,24184,23809,24426,24359,19132,18661,19136,20112,19230,17333,18128,18869,19524,21203,21915,22139,23056,23045,23752,23717,28881,30251,36910,38883,41993,42710,44725,44593,43619,41647,47055,47247,42549,42742,35107,..
Tunisia,..,..,..,..,..,..,..,..,..,..,..,12263,13442,14667,16191,17191,18847,19631,21193,22535,24456,26091,26352,28291,29758,31262,30583,30563,31608,33069,34757,35736,36854,41307,43141,44521,46236,48948,50382,53664,56232,57786,59180,61091,61654,64102,63797,67152,65181,79319,98204,91340,90604,85360,88311,93733,99990,107249,107163,..
Turkey,65976,68359,76051,80729,89251,99061,115011,117821,123407,122106,134568,145472,162132,183414,190784,220308,238359,273432,267261,239439,229684,230858,247585,259259,261822,271311,304086,346756,353264,359102,386208,368660,377414,448883,436636,489997,515817,481656,447911,469463,492304,470755,493998,493472,502546,520297,586403,667937,630884,625046,612508,621686,721164,819019,861176,1018608,1110766,1161014,1171126,..
Turkmenistan,..,..,..,..,..,..,..,..,..,..,..,..,..,..,..,..,..,..,..,..,..,..,..,..,..,..,..,..,..,..,163218,149492,112112,117563,67348,63411,70942,39933,47140,61717,102136,105325,115516,129247,129949,136234,135534,144412,149884,107692,123914,153901,159327,172314,180974,181104,181104,181104,181104,..
Ukraine,..,..,..,..,..,..,..,..,..,..,..,..,..,..,..,..,..,..,..,..,..,..,..,..,..,..,..,..,..,..,814317,996574,643965,564555,517731,534588,488400,567161,537021,457688,436911,458482,476844,471267,501455,492982,487276,645523,646541,535600,540814,540835,493603,496387,432412,366342,383740,402919,397240,..
United Arab Emirates,..,..,..,..,..,..,..,..,..,..,..,5704,7592,10744,14089,22865,30133,31831,35616,45940,96246,112911,125119,128027,135389,129521,129070,139184,144043,148896,155623,160188,162501,173571,171969,181118,183434,182653,182540,187763,206093,226644,261471,290563,293271,316591,332965,341962,364218,403103,420571,421151,431439,488022,501418,436818,489532,577048,534263,..
United Kingdom,755265,773898,769362,778758,800305,813026,821667,850984,881825,911954,1012369,1047365,1085228,1156693,1125660,1107632,1148346,1179381,1236319,1260714,1271547,1233478,1260821,1296104,1357497,1374058,1459985,1513948,1611469,1684677,1640393,1631212,1651406,1673986,1674679,1662144,1725078,1740394,1729202,1779485,1753020,1737932,1753663,1769827,1772369,1788852,1813579,1828289,1752838,1698638,1682784,1658085,1643471,1636917,1662565,1694914,1733512,1739341,1734734,..
United States,9505289,9718740,10169711,10577678,10990115,11265790,11814726,12382277,13408229,14045110,14983647,15645903,16619354,17344831,16933418,17139179,17886254,18429792,19086093,18684744,17805275,17732100,17609738,17814058,18350147,18499394,18814680,19450382,20348701,20511832,20413598,20021371,20455850,20881830,21641756,22087860,22610919,22989814,23520495,24171404,24628518,24664654,25014467,25398901,25766163,26079295,26184206,26319447,25161793,24072046,24942988,24352322,24103828,24949133,24845887,25698311,25993049,26183342,26715964,..
Uruguay,..,..,..,..,..,..,..,..,..,..,..,24149,25869,25112,22910,22966,24030,24341,24416,26832,22970,23262,22098,21025,19081,18522,18724,19612,20108,21041,21139,22455,24106,27175,30555,30335,32204,34928,37291,38530,34816,33315,30035,28784,30421,31278,34389,36838,37598,40663,43162,45499,46398,49256,49469,50928,52198,54177,53336,..
Uzbekistan,..,..,..,..,..,..,..,..,..,..,..,..,..,..,..,..,..,..,..,..,..,..,..,..,..,..,..,..,..,..,115268,105692,82759,72728,65511,112166,148669,149461,160969,165675,173021,177582,173040,165712,165522,166400,168078,167047,170888,165304,173806,164633,146155,141616,128823,118879,117664,127227,242857,..
Bolivarian Republic of Venezuela,..,..,..,..,..,..,..,..,..,..,..,171380,185888,207533,242892,273739,305859,322799,356990,369466,384600,399779,404762,398475,384785,392089,395894,403652,418368,395471,407644,431538,425424,455795,462849,478393,497329,464065,475332,471367,486655,519160,552109,493162,498407,594428,625715,677121,707100,717484,693348,725422,790889,776505,760874,664200,580634,532362,469610,..
Viet Nam,..,..,..,..,..,..,..,..,..,..,..,40532,41851,40444,32971,32971,10990,7034,8133,9671,27159,22224,23140,25676,24955,39009,43608,50689,54635,49686,57793,54425,61267,95464,105463,100757,110624,120807,127203,136095,146509,156715,192444,217108,265560,268314,268480,314165,334876,401775,432128,424546,418701,408697,417246,459513,506355,530349,505040,..
Yemen,..,..,..,..,..,..,..,..,..,..,..,9311,12664,17308,17225,14191,21111,20472,22349,24366,31940,32357,33767,38221,38027,40011,45731,48901,51789,53907,56500,71778,75646,61841,62512,56600,53831,53941,58110,64217,62438,68753,60718,71566,74898,79681,74150,68315,72813,115199,101185,94400,77903,117354,118253,43492,37971,36725,37097,..
Zambia,..,..,..,..,..,..,..,..,..,..,..,8793,9599,10315,9651,10360,10800,9553,8889,8044,12084,11655,10198,10455,10798,10283,9897,10504,12137,10320,10752,13497,12911,9297,11305,11277,8733,10235,9805,9443,10254,10765,11276,12045,12888,13831,14219,12581,13655,15929,17130,18686,22464,23211,26267,29456,29005,28699,28344,..
Zimbabwe,..,..,..,..,..,..,..,..,..,..,..,25378,28145,28365,24330,27350,23494,22198,21643,20469,23857,25787,22258,25757,23668,24844,27181,26534,27542,27451,27354,20504,29169,25978,23969,30115,29592,29619,29457,43312,26706,25301,23269,19319,16911,18223,17609,16995,14003,15698,18724,32115,36471,40552,37202,36969,31639,32088,41541,..
Former Soviet Union (if no detail),..,..,..,..,..,..,..,..,..,..,..,2741550,2918445,3065875,3230272,3800766,3858649,3885052,3942015,3999832,4088486,4195891,4267553,4301655,4365519,4423757,4618064,4730550,4781157,4891363,x,x,x,x,x,x,x,x,x,x,x,x,x,x,x,x,x,x,x,x,x,x,x,x,x,x,x,x,x,x
Former Yugoslavia (if no detail),..,..,..,..,..,..,..,..,..,..,..,164618,155218,159765,178105,173128,176089,186411,202270,202240,185721,184476,170245,174259,163140,185454,230127,203184,224319,211090,x,x,x,x,x,x,x,x,x,x,x,x,x,x,x,x,x,x,x,x,x,x,x,x,x,x,x,x,x,x
Other Africa,..,..,..,..,..,..,..,..,..,..,..,22708,23059,24091,24624,27975,38146,45967,47096,49371,53334,50901,47514,47863,50998,51663,54794,60255,74492,76294,90477,98762,100737,103181,105117,110142,112801,123234,126483,133379,129386,129206,129188,135703,144899,147818,153288,163150,172281,179105,192348,148364,162192,171623,180944,199474,207410,229726,241557,..
Other non-OECD Americas,..,..,..,..,..,..,..,..,..,..,..,6591,4258,6185,6655,9252,9564,10423,10455,8750,14594,15491,16171,16163,17544,17994,16847,21778,23108,25965,27095,28179,28450,33096,34958,36704,37285,41131,56831,63336,58835,60295,53461,55611,61265,62885,64134,67354,66758,70230,71906,47431,53069,54459,56004,54947,54948,55900,54296,..
Other non-OECD Asia,..,..,..,..,..,..,..,..,..,..,..,29054,33591,29930,30081,36207,30165,36884,37383,43611,38820,53021,44143,46948,51027,44273,37655,44880,43694,40146,39716,40588,40808,42162,44792,45295,48600,42362,43029,40153,67974,67319,53409,57807,61589,66098,71660,71770,94573,125354,145772,174707,167553,140898,131712,149253,133254,128707,132477,..
Memo: Greenland,..,..,..,..,..,..,..,..,..,..,..,..,..,..,..,..,..,..,..,..,..,..,..,..,..,..,..,..,..,..,..,..,..,..,..,..,..,..,..,..,..,..,..,..,1382,1296,1512,1297,1384,1340,1423,1464,1337,1333,1246,1247,1335,1403,1337,..
Memo: Guyana,..,..,..,..,..,..,..,..,..,..,..,2477,2221,3267,2697,2826,2871,2914,3001,3043,3087,3217,3217,3346,3173,3086,3087,3089,3347,3475,3477,3214,3090,3133,5419,5716,6450,6922,6843,7830,7359,7576,7274,7277,7534,7190,6677,7367,7375,8299,8477,9036,9266,8797,9578,9537,10659,10688,10927,..
Memo: Madagascar,..,..,..,..,..,..,..,..,..,..,..,6748,6749,6750,6749,6705,6616,6963,6527,7048,7661,4868,4912,4212,6137,6049,5129,6657,6086,5954,7378,8208,8295,8555,9727,9337,9642,10165,11469,12556,12552,11990,8295,11549,12198,11672,11235,12016,12230,11626,12274,13659,14012,14661,15567,16090,16793,17056,17998,..
Memo: Mali,..,..,..,..,..,..,..,..,..,..,..,..,..,..,..,..,..,..,..,..,..,..,..,..,..,..,..,..,..,..,..,..,..,..,..,..,..,..,..,..,10416,12284,12112,13731,12247,13595,16398,15386,15874,19226,21321,25612,26135,19153,14738,16557,35038,37807,39003,..
Memo: Palestinian Authority,..,..,..,..,..,..,..,..,..,..,..,x,x,x,x,x,x,x,x,x,x,x,x,x,x,x,x,x,x,x,x,x,x,x,..,..,..,..,..,..,..,5415,5966,6905,9201,9592,8876,8877,8977,11245,15275,12656,13636,18786,31961,31536,31525,31223,29485,..
Memo: Uganda,..,..,..,..,..,..,..,..,..,..,..,5242,5242,5286,5466,5510,7749,7206,6406,6010,6675,5261,4808,4141,4929,5278,6062,6848,7421,7033,8269,8535,8540,8374,7777,10066,10290,10771,12303,12394,12570,12749,12969,13233,14723,15903,17403,15984,18296,18414,22251,24863,29497,32606,36587,33279,44827,44973,47738,..
Memo: Africa (UN),..,..,..,..,..,..,..,..,..,..,..,753197,805877,855754,856991,919985,954571,1017154,1100707,1067563,1158239,1214778,1238122,1267622,1298120,1362525,1364575,1394292,1489269,1530295,1603671,1683751,1770818,1756053,1779551,1909177,1987615,2119140,2120497,2236471,2298919,2401836,2522842,2669813,2777844,2845489,2902725,3059316,3242419,3371743,3681180,3761127,4059499,4402879,4597883,4661788,4847784,4887249,5177004,..
Memo: Americas (UN),..,..,..,..,..,..,..,..,..,..,..,18901164,20131877,21198159,21013317,21375313,22368685,23027364,23986930,23965020,23215749,23265386,22930103,22952586,23607475,23842825,24344318,25128149,26221483,26585661,26529788,26278728,26862514,27510255,28556972,29241795,30163769,30792008,31579696,32236128,32677866,32731164,33318498,33756833,34556523,35208646,35555398,36262698,35479826,34284138,35730986,35511271,35620594,36810732,36829255,37677277,38004243,38276482,39000237,..
Memo: Asia (UN),..,..,..,..,..,..,..,..,..,..,..,..,..,..,..,..,..,..,..,..,..,..,..,..,..,..,..,..,..,..,11132286,11617418,12171764,12973280,13326424,14144410,15431019,15350283,15165458,15850122,17557601,17984523,18695781,19479378,20896465,21655195,22408689,23716341,24781550,25681431,27038574,28680855,30624722,32095620,33128385,34545362,35614906,37091924,38240565,..
Memo: Europe (UN),..,..,..,..,..,..,..,..,..,..,..,..,..,..,..,..,..,..,..,..,..,..,..,..,..,..,..,..,..,..,17187410,17359372,17034847,16344653,15897529,15776102,16026470,16062443,16870697,17064629,16877896,17203287,17455203,17859420,18460283,18501119,18915893,19328778,19332978,18520362,18783887,18789254,18126566,18003222,18134714,18247670,18602761,18945347,19237766,..
Memo: Oceania (UN),..,..,..,..,..,..,..,..,..,..,..,559039,586553,636334,662213,694507,709839,753155,788120,807373,821678,845966,855060,848646,884559,911479,930786,948219,987327,1017008,1029501,1011661,1041526,1064404,1100095,1149999,1187629,1203281,1208003,1231496,1290303,1282375,1303261,1323713,1368722,1368411,1401513,1436250,1462505,1451672,1493354,1527361,1537427,1563620,1570333,1615119,1636729,1675488,1707431,..
Memo: OECD Total,..,..,..,..,..,..,..,..,..,..,..,25992722,27548640,29111833,28691633,29336726,30692201,31792699,33200108,33488479,32753079,32573914,32225975,32529103,33535904,33909801,34816550,36108032,37897097,38832180,39528406,39549464,40530082,41404873,42668336,43533610,44707174,45446573,46228871,47472614,48118765,48343289,49093371,49815589,50670628,51143212,51626696,52275085,50742381,49090473,50164196,49460376,48959686,49875220,49880973,51238631,52051194,52581866,53356397,..
Memo: Non-OECD Total,..,..,..,..,..,..,..,..,..,..,..,7407888,7904876,8440734,8893698,9889843,10263708,10675834,11236228,11660449,11918846,12253332,12536539,12981332,13351048,13737650,14309509,14871116,15476055,16126209,17954250,18401464,18351387,18243771,17992236,18687872,20089328,20080582,20715479,21146232,22583819,23259896,24202214,25273569,27389209,28435647,29557521,31528297,33556898,34218874,36563783,38809491,41009122,43000853,44379597,45508585,46655229,48294624,50006607,..
Memo: IEA Total,..,..,..,..,..,..,..,..,..,..,..,25859866,27417612,28981306,28564899,29217933,30571411,31667711,33061466,33342268,32600823,32415672,32068246,32367501,33376411,33745979,34645015,35923400,37695840,38621101,39119385,39128967,40120991,40981924,42228736,43050662,44187753,44897239,45688184,46927573,47562001,47789219,48521322,49237127,50076420,50526870,50994536,51585383,50012561,48394485,49442011,48744475,48215560,49122879,49129284,50444383,51222708,51725229,52476171,..
Memo: IEA and Accession/Association countries,..,..,..,..,..,..,..,..,..,..,..,28243555,29969953,31741131,31491076,32357959,33810246,35022569,36565033,36978598,36192767,36058927,35690359,36064129,37229576,37737908,38957772,40430958,42442599,43687232,44206336,44521496,45752761,47019616,48416923,49906219,52002565,52642009,53382135,54907507,56850250,57275745,58506539,59842059,61890870,62917715,63957080,65739859,65292084,64258385,66749329,67637634,68780773,70988657,71700047,74019324,75466988,77171268,78979334,..
Memo: European Union-28,..,..,..,..,..,..,..,..,..,..,..,..,..,..,..,..,..,..,..,..,..,..,..,..,..,..,..,..,..,..,10844994,10949834,11219737,11309633,11382009,11492989,11875766,12051546,12438295,12729499,12707141,12896767,13029146,13243037,13524491,13562051,13814856,14025350,13781481,13420282,13376016,13306943,12898242,12739059,12895864,13124882,13422296,13681566,13749564,..
Memo: European Union-27,..,..,..,..,..,..,..,..,..,..,..,..,..,..,..,..,..,..,..,..,..,..,..,..,..,..,..,..,..,..,9204602,9318622,9568331,9635647,9707329,9830845,10150688,10311152,10709093,10950014,10954121,11158836,11275483,11473210,11752123,11773198,12001278,12197061,12028644,11721644,11693233,11648858,11254771,11102142,11233299,11429968,11688783,11942225,12014830,..
Memo: FSU 15,..,..,..,..,..,..,..,..,..,..,..,2741550,2918445,3065875,3230272,3800766,3858649,3885052,3942015,3999832,4088486,4195891,4267553,4301655,4365519,4423757,4618064,4730550,4781157,4891363,6826420,6886374,6098904,5216141,4527144,4339614,4209170,3999569,4452034,4335255,4246960,4375698,4508395,4692536,5004796,5030452,5207302,5468543,5729852,5195681,5551431,5688898,5483659,5522613,5517808,5397374,5459271,5546883,5921582,..
Memo: Former Yugoslavia,..,..,..,..,..,..,..,..,..,..,..,164618,155218,159765,178105,173128,176089,186411,202270,202240,185721,184476,170245,174259,163140,185454,230127,203184,224319,211090,194492,159671,134389,155822,156929,166379,213193,244607,214840,182771,196350,219690,235331,248094,277462,293463,317708,315928,352880,338763,336509,332185,317421,316718,321897,330524,351353,368167,369707,..
Memo: OPEC,..,..,..,..,..,..,..,..,..,..,..,522564,590458,671965,765721,901987,1058815,1234905,1475251,1585968,1689342,1878991,2066681,2322858,2415748,2526735,2456039,2576291,2702599,2753116,2750949,2864707,3084841,3248324,3372500,3312548,3488255,3556785,3555545,3708413,3915291,4167838,4428333,4509946,4716657,5060153,5273926,5429004,5776756,6080048,6268716,6551745,7072941,7412919,7759283,7593097,7574754,7664747,7835479,..
Memo: ASEAN,..,..,..,..,..,..,..,..,..,..,..,..,..,..,..,..,..,..,..,..,..,..,..,..,..,..,..,..,..,..,..,..,..,..,..,..,..,..,..,..,2585013,2729859,2840754,2955911,3141180,3122404,2974680,3151609,3225312,3515444,3705543,4031561,4408420,4737446,4893490,4807192,5209826,5429511,5663203,..
Memo: G7,..,..,..,..,..,..,..,..,..,..,..,22357412,23706864,24955194,24487959,24921864,26023468,26853416,28033486,28080094,27331518,27126149,26767884,27075424,27903249,28168517,28834360,29866490,31297268,31877960,32130658,31943009,32674145,33331515,34327534,35010796,35771022,36334403,37034195,37930669,38320995,38339480,38809666,39162636,39637504,39870185,39981466,40103688,38571021,37160921,38121559,37546717,37164247,38048170,37971425,38867875,39215155,39460672,39996875,..
Memo: G8,..,..,..,..,..,..,..,..,..,..,..,..,..,..,..,..,..,..,..,..,..,..,..,..,..,..,..,..,..,..,36982347,36687433,37212922,37203442,37767693,38198742,38818317,39130990,40291478,41209600,41439413,41556956,42102280,42631116,43355336,43578537,43813962,43977046,42640930,40913175,42161547,41667386,41084335,41977618,41938558,42798144,43163011,43474095,44226247,..
Memo: G20,..,..,..,..,..,..,..,..,..,..,..,..,..,..,..,..,..,..,..,..,..,..,..,..,..,..,..,..,..,..,49536889,49683328,50746058,51324124,52261375,53275124,55314659,55705042,57072538,58576819,60323889,60839293,62086194,63605710,65905119,66969504,68304631,70219603,70120972,68695093,71510269,72608681,73650373,75870981,76716402,79100252,80490889,82173646,84078849,..
