"MODEL","SCENARIO","REGION","VARIABLE","UNIT","1960","1965","1970","1975","1980","1985","1990","1995","2000","2005","2010","2015",
"IEA","Reference","XE25","Energy_Intensity","TJ/billion USD 2015",6690.00356183534,6867.12049470336,7781.00435188012,7413.01051748838,7154.71926776355,6715.88018059531,6070.26506589129,5716.07862368553,5122.17449555682,4944.80172097932,4569.38576835384,3956.96956455189,
"IEA","Reference","XER","Energy_Intensity","TJ/billion USD 2015",2225.93190542819,2524.92286115007,2875.84504454854,8550.1058457072,8902.38825096108,8598.69077872572,8221.55493328941,6583.3327956122,5602.60536398468,5323.40764463324,4947.49695025527,4253.04672355632,
"IEA","Reference","TUR","Energy_Intensity","TJ/billion USD 2015",6503.12363794857,6659.14325195762,6561.93098700628,7274.1055775599,7606.54497140546,7500.41913439636,7486.42146979072,7568.13095485441,7757.41626794258,6760.56714409305,7255.39200419624,6272.63052605869,
"IEA","Reference","XOC","Energy_Intensity","TJ/billion USD 2015",6451.31801797889,6551.12353733043,6468.22950117748,6626.87211518589,6670.52992215375,6162.64617323717,6365.49377975733,5898.34496144363,5713.88277350306,5015.88638283804,4883.25334924949,4325.6122377377,
"IEA","Reference","CHN","Energy_Intensity","TJ/billion USD 2015",,,,58939.1247796052,51968.4633287336,37278.7711777914,32195.014338136,22240.9489378201,16256.3899689288,16209.5819665055,13671.4427496264,11114.7284925633,
"IEA","Reference","IND","Energy_Intensity","TJ/billion USD 2015",,,,30975.6067125645,30911.4379567432,29681.2392377454,27514.2893990199,26075.5930611012,23060.7435074263,19693.9030630894,19102.3738524644,16609.7951597032,
"IEA","Reference","JPN","Energy_Intensity","TJ/billion USD 2015",6394.82664147378,6809.02677956684,7509.43517599183,7151.85879954979,6517.87742818799,5601.38838709677,5327.19857754882,5563.04872035974,5533.61296954269,5259.22253036014,5024.34465624372,4124.70315390434,
"IEA","Reference","XSE","Energy_Intensity","TJ/billion USD 2015",,,,15274.4791666667,14685.9629755435,13155.5482124203,12682.4263841532,12023.1490527513,12256.644257943,11343.4197857542,10244.4415865423,9253.79307344239,
"IEA","Reference","XSA","Energy_Intensity","TJ/billion USD 2015",,,,16490.9519114909,15221.1136117363,14836.542870243,15094.4182636925,14725.6739838077,14576.9843459072,13733.7394256304,12734.0197820032,11545.4614351166,
"IEA","Reference","CAN","Energy_Intensity","TJ/billion USD 2015",11501.8761726079,11576.1763262636,12619.2265723888,12347.1194512564,11871.4332136896,10469.3057121018,10074.7591171044,10247.0442963134,9126.0683503622,8679.49775282599,7801.42049717401,7601.30162992849,
"IEA","Reference","BRA","Energy_Intensity","TJ/billion USD 2015",,,,6779.96053964699,6136.24535076769,6607.16611186304,6404.11120196239,6326.61873875225,6622.61930850795,6602.61681013694,6552.06000645862,6885.87012612293,
"IEA","Reference","XLM","Energy_Intensity","TJ/billion USD 2015",,,,6200.08010953158,6644.65559178794,6834.72084420612,7074.323040132,6627.21995032711,6610.31930863492,6692.56797482476,6182.39483502506,5821.58069024944,
"IEA","Reference","CIS","Energy_Intensity","TJ/billion USD 2015",,,,34634.3272285636,33469.3832265873,33833.4341249903,37186.6249413036,43013.4233272863,37159.327631967,28749.3275744293,24647.5719601683,21122.7928191517,
"IEA","Reference","XME","Energy_Intensity","TJ/billion USD 2015",,,,3919.89917494249,5976.12163274909,9812.75344579852,10289.3179533075,12207.9574468085,11513.764537789,12362.3414186427,12994.37103957,12835.1430603922,
"IEA","Reference","XNF","Energy_Intensity","TJ/billion USD 2015",,,,7363.36472660749,8363.54550973708,10773.3399721171,11552.3368729915,11905.971241331,10938.9315320847,11817.2946980061,11209.5806419883,11601.875177009,
"IEA","Reference","XAF","Energy_Intensity","TJ/billion USD 2015",,,,17353.6577440188,17989.5973094649,21202.0285392011,20909.7261126673,22925.7738291433,21628.2985979538,18943.3015501496,16768.4985959666,15026.9676221423,
"IEA","Reference","XE25","ChangeRate_Energy_Intensity","TJ/billion USD 2015/y",0,35.4233865736041,182.776771435352,-73.5987668783468,-51.6582499449665,-87.7678174336481,-129.123022940804,-70.8372884411516,-118.780825625743,-35.4745549154992,-75.0831905250971,-122.48324076039,
"IEA","Reference","XER","ChangeRate_Energy_Intensity","TJ/billion USD 2015/y",0,59.7981911443757,70.1844366796948,1134.85216023173,70.456481050776,-60.7394944470718,-75.4271690872622,-327.644427535443,-196.145486325504,-55.8395438702866,-75.1821388755934,-138.890045339792,
"IEA","Reference","TUR","ChangeRate_Energy_Intensity","TJ/billion USD 2015/y",0,31.2039228018108,-19.4424529902681,142.434918110723,66.487878769113,-21.2251674018216,-2.79953292112623,16.3418970127374,37.8570626176344,-199.369824769907,98.9649720206378,-196.55229562751,
"IEA","Reference","XOC","ChangeRate_Energy_Intensity","TJ/billion USD 2015/y",0,19.961103870308,-16.5788072305913,31.7285228016826,8.73156139357125,-101.576749783316,40.5695213040332,-93.42976366274,-36.8924375881143,-139.599278133004,-26.5266067177094,-111.528222302358,
"IEA","Reference","CHN","ChangeRate_Energy_Intensity","TJ/billion USD 2015/y",,,,,-1394.13229017432,-2937.93843018843,-1016.75136793109,-1990.81308006318,-1196.91179377825,-9.36160048465681,-507.627843375829,-511.342851412616,
"IEA","Reference","IND","ChangeRate_Energy_Intensity","TJ/billion USD 2015/y",,,,,-12.8337511642705,-246.039743799562,-433.389967745104,-287.739267583725,-602.969910734981,-673.368088867384,-118.305842125011,-498.515738552236,
"IEA","Reference","JPN","ChangeRate_Energy_Intensity","TJ/billion USD 2015/y",0,82.8400276186114,140.081679284998,-71.5152752884087,-126.79627427236,-183.297808218244,-54.83796190959,47.1700285621828,-5.88715016340884,-54.8780878365114,-46.9755748232839,-179.928300467876,
"IEA","Reference","XSE","ChangeRate_Energy_Intensity","TJ/billion USD 2015/y",,,,,-117.703238224637,-306.082952624632,-94.6243656534334,-131.855466280373,46.6990410383354,-182.644894437752,-219.795639842383,-198.129702619979,
"IEA","Reference","XSA","ChangeRate_Energy_Intensity","TJ/billion USD 2015/y",,,,,-253.967659950917,-76.9141482986517,51.5750786899051,-73.7488559769677,-29.7379275801031,-168.648984055365,-199.943928725431,-237.711669377319,
"IEA","Reference","CAN","ChangeRate_Energy_Intensity","TJ/billion USD 2015/y",0,14.8600307311368,208.610049225049,-54.4214242264912,-95.1372475133492,-280.425500317565,-78.9093189994768,34.457035841791,-224.195189190229,-89.3141195072425,-175.615451130396,-40.0237734491035,
"IEA","Reference","BRA","ChangeRate_Energy_Intensity","TJ/billion USD 2015/y",,,,,-128.743037775861,94.1841522190713,-40.610981980131,-15.4984926420279,59.2001139511398,-4.00049967420109,-10.1113607356643,66.7620239328613,
"IEA","Reference","XLM","ChangeRate_Energy_Intensity","TJ/billion USD 2015/y",,,,,88.9150964512723,38.0130504836359,47.9204391851757,-89.4206179609779,-3.38012833843859,16.449733237968,-102.03462795994,-72.162828955124,
"IEA","Reference","CIS","ChangeRate_Energy_Intensity","TJ/billion USD 2015/y",,,,,-232.988800395263,72.8101796805931,670.638163262664,1165.35967719654,-1170.81913906387,-1682.00001150753,-820.351122852202,-704.955828203321,
"IEA","Reference","XME","ChangeRate_Energy_Intensity","TJ/billion USD 2015/y",,,,,411.244491561319,767.326362609886,95.3129015017916,383.727898700206,-138.838581803902,169.715376170742,126.405924185452,-31.845595835544,
"IEA","Reference","XNF","ChangeRate_Energy_Intensity","TJ/billion USD 2015/y",,,,,200.036156625917,481.958892476006,155.799380174874,70.7268736679132,-193.407941849261,175.672633184262,-121.542811203558,78.4589070041395,
"IEA","Reference","XAF","ChangeRate_Energy_Intensity","TJ/billion USD 2015/y",,,,,127.187913089214,642.48624594724,-58.4604853067656,403.209543295206,-259.49504623791,-536.999409560826,-434.960590836609,-348.306194764864,

"MODEL","SCENARIO","REGION","VARIABLE","UNIT","1960","1965","1970","1975","1980","1985","1990","1995","2000","2005","2010","2015",
"IEA","Reference","XE25","Carbon_Intensity","kt-CO2/TJ",0.0814170586430134,0.0765073590588252,0.0704251118971354,0.0681365031043547,0.0664988753893422,0.0614434214212801,0.058163468904873,0.0551734854156887,0.0533259212559236,0.0520251134306799,0.0497647339133566,0.048226281063599,
"IEA","Reference","XER","Carbon_Intensity","kt-CO2/TJ",0.0514043395429651,0.0496292222833242,0.0497830917785676,0.0625613778128569,0.059512091449725,0.0598333867688406,0.0574827510074518,0.0519783347643523,0.049791007920322,0.0510497564776934,0.047537075485181,0.047290636079371,
"IEA","Reference","TUR","Carbon_Intensity","kt-CO2/TJ",0.0374678849891647,0.0408435360033202,0.0499343004240967,0.0532284195539528,0.0543170442196012,0.0579211366775555,0.059788887526793,0.0604052351203771,0.0629992038099401,0.0613912832300443,0.0605097217832423,0.0591443397127279,
"IEA","Reference","XOC","Carbon_Intensity","kt-CO2/TJ",0.066517002177652,0.065207494918137,0.0643268151894377,0.0678829885882756,0.0678347174951427,0.0679003508173903,0.0692522486634932,0.0701717758291856,0.0708216886056769,0.0752881003475165,0.0702961018128291,0.0679512947669128,
"IEA","Reference","CHN","Carbon_Intensity","kt-CO2/TJ",,,,0.051013063547264,0.0546299719311573,0.0564099796472296,0.0574533656181991,0.0664872613542171,0.0655914454668565,0.0725461713705968,0.073746497096513,0.0725907475407972,
"IEA","Reference","IND","Carbon_Intensity","kt-CO2/TJ",,,,0.0301740681795166,0.0314487689466869,0.0364014921102817,0.0414132830362726,0.0453165612125319,0.048200737811333,0.0498801657356226,0.0535846823527295,0.058296233516014,
"IEA","Reference","JPN","Carbon_Intensity","kt-CO2/TJ",0.0755520375173366,0.0704910014903346,0.0675241651554715,0.0665447646273835,0.0603564666523716,0.057012461558247,0.0573814827378363,0.0547588319040578,0.0529091215237191,0.0540360695667016,0.0539149849670183,0.0638241217959248,
"IEA","Reference","XSE","Carbon_Intensity","kt-CO2/TJ",,,,0.0463496587679526,0.0493184898126673,0.0488397670799577,0.0478117473723916,0.0495884177151217,0.0496227890229958,0.0497180552407601,0.0503692300596135,0.0513966436844601,
"IEA","Reference","XSA","Carbon_Intensity","kt-CO2/TJ",,,,0.0191011512103618,0.0206343982208855,0.0225977276891256,0.0270940899119308,0.0309176589016615,0.0319106484811656,0.0340654273886515,0.036591782314856,0.0391928228642901,
"IEA","Reference","CAN","Carbon_Intensity","kt-CO2/TJ",0.0586333778773221,0.0588504589681594,0.0574282363219863,0.0542737720664493,0.0525392372029689,0.0487418361941174,0.0462655892487316,0.0447854399705561,0.0474059700208011,0.0469804543407944,0.048195273821629,0.0464258046019854,
"IEA","Reference","BRA","Carbon_Intensity","kt-CO2/TJ",,,,0.0339844030602427,0.0351933042556886,0.0288502405509317,0.0314022182874826,0.0337790638843583,0.037271509167124,0.0344891663550227,0.0333362576922363,0.0365580093900103,
"IEA","Reference","XLM","Carbon_Intensity","kt-CO2/TJ",,,,0.0506477159564144,0.0503101257880065,0.0494893961842727,0.0495169169483316,0.0514048630543173,0.0523675158792667,0.0517405021642799,0.0533260115359549,0.0523823235329527,
"IEA","Reference","CIS","Carbon_Intensity","kt-CO2/TJ",,,,0.0630355069594417,0.0631927608506434,0.0589114162211911,0.0609368172490009,0.0586013717070055,0.0565851433345756,0.0543853815376547,0.0541306718383989,0.054560480360897,
"IEA","Reference","XME","Carbon_Intensity","kt-CO2/TJ",,,,0.0601752846038106,0.0633474276425747,0.0625259468375567,0.0610462029048318,0.0584788777017921,0.0601194212340794,0.0590384479183711,0.0589933383489687,0.0585123617227649,
"IEA","Reference","XNF","Carbon_Intensity","kt-CO2/TJ",,,,0.0573383795303282,0.060128897093394,0.0568377315043331,0.0564628176740285,0.0560763420826004,0.0574324292716517,0.0568791161145072,0.0571014475797134,0.0591025715148362,
"IEA","Reference","XAF","Carbon_Intensity","kt-CO2/TJ",,,,0.0308653635269271,0.0288768690871877,0.0264515132576348,0.0264574568398679,0.0250201982912471,0.0254725714770272,0.0286781763815934,0.0288625929462016,0.0284479846607445,
"IEA","Reference","XE25","ChangeRate_Carbon_Intensity","kt-CO2/TJ/y",0,-0.00098193991683764,-0.00121644943233795,-0.000457721758556148,-0.000327525543002505,-0.00101109079361242,-0.000655990503281405,-0.00059799669783687,-0.000369512831953023,-0.000260161565048726,-0.000452075903464674,-0.00030769056995151,
"IEA","Reference","XER","ChangeRate_Carbon_Intensity","kt-CO2/TJ/y",0,-0.000355023451928183,3.07738990486792e-05,0.00255565720685786,-0.000609857272626361,6.42590638231175e-05,-0.000470127152277774,-0.00110088324861988,-0.000437465368806075,0.000251749711474279,-0.000702536198502474,-4.92878811619996e-05,
"IEA","Reference","TUR","ChangeRate_Carbon_Intensity","kt-CO2/TJ/y",0,0.000675130202831103,0.00181815288415529,0.000658823825971225,0.000217724933129675,0.000720818491590859,0.000373550169847518,0.000123269518716811,0.000518793737912596,-0.000321584115979147,-0.00017631228936041,-0.000273076414102875,
"IEA","Reference","XOC","ChangeRate_Carbon_Intensity","kt-CO2/TJ/y",0,-0.000261901451903002,-0.000176135945739853,0.000711234679767575,-9.65421862656468e-06,1.31266644495143e-05,0.000270379569220575,0.000183905433138476,0.000129982555298266,0.000893282348367919,-0.000998399706937472,-0.000468961409183277,
"IEA","Reference","CHN","ChangeRate_Carbon_Intensity","kt-CO2/TJ/y",,,,,0.000723381676778657,0.000356001543214458,0.000208677194193894,0.0018067791472036,-0.000179163177472108,0.00139094518074805,0.000240065145183246,-0.000231149911143175,
"IEA","Reference","IND","ChangeRate_Carbon_Intensity","kt-CO2/TJ/y",,,,,0.00025494015343405,0.000990544632718966,0.00100235818519817,0.000780655635251865,0.000576835319760231,0.000335885584857906,0.000740903323421376,0.000942310232656915,
"IEA","Reference","JPN","ChangeRate_Carbon_Intensity","kt-CO2/TJ/y",0,-0.00101220720540039,-0.000593367266972622,-0.000195880105617616,-0.00123765959500238,-0.000668801018824916,7.38042359178598e-05,-0.000524530166755705,-0.000369942076067727,0.000225389608596485,-2.4216919936644e-05,0.00198182736578128,
"IEA","Reference","XSE","ChangeRate_Carbon_Intensity","kt-CO2/TJ/y",,,,,0.000593766208942939,-9.57445465419218e-05,-0.000205603941513224,0.000355334068546015,6.87426157483378e-06,1.90532435528537e-05,0.000130234963770674,0.000205482724969325,
"IEA","Reference","XSA","ChangeRate_Carbon_Intensity","kt-CO2/TJ/y",,,,,0.000306649402104756,0.000392665893648017,0.000899272444561029,0.000764713797946141,0.000198597915900832,0.000430955781497167,0.000505270985240902,0.00052020810988683,
"IEA","Reference","CAN","ChangeRate_Carbon_Intensity","kt-CO2/TJ/y",0,4.34162181674649e-05,-0.000284444529234616,-0.000630892851107413,-0.000346906972696076,-0.000759480201770289,-0.000495249389077167,-0.000296029855635103,0.000524106010049008,-8.51031360013479e-05,0.000242963896166926,-0.000353893843928714,
"IEA","Reference","BRA","ChangeRate_Carbon_Intensity","kt-CO2/TJ/y",,,,,0.000241780239089189,-0.00126861274095139,0.000510395547310188,0.000475369119375131,0.000698489056553146,-0.000556468562420262,-0.000230581732557268,0.000644350339554797,
"IEA","Reference","XLM","ChangeRate_Carbon_Intensity","kt-CO2/TJ/y",,,,,-6.7518033681585e-05,-0.00016414592074676,5.50415281179301e-06,0.000377589221197133,0.000192530564989876,-0.000125402742997364,0.000317101874335003,-0.000188737600600437,
"IEA","Reference","CIS","ChangeRate_Carbon_Intensity","kt-CO2/TJ/y",,,,,3.145077824033e-05,-0.000856268925890449,0.00040508020556196,-0.000467089108399088,-0.000403245674485977,-0.000439952359384184,-5.09419398511554e-05,8.59617044996139e-05,
"IEA","Reference","XME","ChangeRate_Carbon_Intensity","kt-CO2/TJ/y",,,,,0.000634428607752835,-0.000164296161003599,-0.000295948786544989,-0.000513465040607929,0.000328108706457457,-0.000216194663141658,-9.02191388048174e-06,-9.61953252407693e-05,
"IEA","Reference","XNF","ChangeRate_Carbon_Intensity","kt-CO2/TJ/y",,,,,0.000558103512613149,-0.000658233117812179,-7.49827660609242e-05,-7.72951182856099e-05,0.000271217437810251,-0.000110662631428901,4.44662930412468e-05,0.00040022478702455,
"IEA","Reference","XAF","ChangeRate_Carbon_Intensity","kt-CO2/TJ/y",,,,,-0.000397698887947877,-0.000485071165910585,1.18871644661581e-06,-0.000287451709724149,9.04746371560197e-05,0.000641120980913245,3.68833129216289e-05,-8.2921657091406e-05,

"MODEL","SCENARIO","REGION","VARIABLE","UNIT","1960","1965","1970","1975","1980","1985","1990","1995","2000","2005","2010","2015",
"IEA","Reference","XE25","Electricity_Rate_Total","TJ/TJ",0.0866885486506777,0.0980055963909823,0.102894026865652,0.118746886348588,0.13283510476634,0.150990666653137,0.166038283787153,0.172725923081626,0.185614193147701,0.194193806359154,0.202664831276507,0.212488338138402,
"IEA","Reference","XER","Electricity_Rate_Total","TJ/TJ",0.268015609736068,0.265711985575033,0.241467932691685,0.155338344254858,0.158795715858697,0.194010060431536,0.204646771269079,0.245613649288324,0.259334418467302,0.25177700694841,0.275531991148703,0.286763214191284,
"IEA","Reference","TUR","Electricity_Rate_Total","TJ/TJ",0.0189496427606865,0.0290304738758633,0.0391024913634415,0.0495278563154548,0.0638499075671511,0.0792592884819034,0.0956942410903302,0.116428690598671,0.142523251602929,0.1691873230432,0.186322319194593,0.197047014939465,
"IEA","Reference","XOC","Electricity_Rate_Total","TJ/TJ",0.0749083261528871,0.0961109257618812,0.115453925550501,0.142913988967554,0.158119920434974,0.183663883634058,0.204267964875576,0.20511243942177,0.215625121206981,0.230421803006833,0.240846274321855,0.227132971254085,
"IEA","Reference","CHN","Electricity_Rate_Total","TJ/TJ",,,,0.035061487932779,0.0454535000886789,0.050895625160802,0.061976832396777,0.0865696063775638,0.116695519413803,0.141713162742356,0.18166108605166,0.214754723946798,
"IEA","Reference","IND","Electricity_Rate_Total","TJ/TJ",,,,0.0371980574142363,0.0441284207347102,0.0565184865183812,0.0749162035164011,0.0960396945507354,0.1004800664316,0.115692067599472,0.129458747906656,0.158093513412358,
"IEA","Reference","JPN","Electricity_Rate_Total","TJ/TJ",0.143505712605457,0.142979655458143,0.145089478283061,0.165791430331381,0.187307986475233,0.208385766409239,0.224977208682346,0.230455953578327,0.247971553021043,0.25821146721271,0.282902333418084,0.278009079009374,
"IEA","Reference","XSE","Electricity_Rate_Total","TJ/TJ",,,,0.0523339893355687,0.0645849960317377,0.0773463592939016,0.0942384159155505,0.112652397238756,0.139392340080262,0.158618712749762,0.17752971486253,0.192860537957174,
"IEA","Reference","XSA","Electricity_Rate_Total","TJ/TJ",,,,0.0249345203872444,0.0297961345883508,0.0423117095627077,0.0554134770449303,0.0688711418000202,0.072795109877686,0.0875537771153941,0.0954157968954429,0.104556237902713,
"IEA","Reference","CAN","Electricity_Rate_Total","TJ/TJ",0.126627552014549,0.134245440673858,0.138693743208462,0.153107774256312,0.168124103878269,0.209220800125602,0.226838123023765,0.220848115502609,0.22088246252776,0.216157068040937,0.21880516640275,0.217108745707674,
"IEA","Reference","BRA","Electricity_Rate_Total","TJ/TJ",,,,0.0726489314197641,0.106253546686029,0.141776479833076,0.162725557461407,0.170710199626717,0.179918062315528,0.180659402322723,0.178179833671256,0.185621443380447,
"IEA","Reference","XLM","Electricity_Rate_Total","TJ/TJ",,,,0.0775861836986829,0.0895710279942434,0.100373863089728,0.113488493262523,0.127805622684424,0.141710388130672,0.156833687730478,0.165441942400687,0.184365320316044,
"IEA","Reference","CIS","Electricity_Rate_Total","TJ/TJ",,,,0.106059112902933,0.107875559983682,0.11768889106229,0.115101128812996,0.119680768268097,0.127924708945183,0.135444475539485,0.138099006228175,0.145622140424076,
"IEA","Reference","XME","Electricity_Rate_Total","TJ/TJ",,,,0.071675472337403,0.0767430732010327,0.100649591595321,0.10871233451352,0.113819907673902,0.128983104214952,0.133239831594206,0.144426367400566,0.154269455260505,
"IEA","Reference","XNF","Electricity_Rate_Total","TJ/TJ",,,,0.0751459119241055,0.0864670780293306,0.0922921665728691,0.114436165059067,0.124602205003496,0.140906023461004,0.157355044218818,0.163660343502477,0.179133000264206,
"IEA","Reference","XAF","Electricity_Rate_Total","TJ/TJ",,,,0.0483508405371281,0.0589021987949209,0.0655981338149833,0.0672311147260988,0.0646323677845216,0.0706933823944037,0.0729125498709899,0.0719192004271608,0.0685922157817519,
"IEA","Reference","XE25","ChangeRate_Electricity_Rate_Total","TJ/TJ/y",0,0.00226340954806092,0.00097768609493388,0.0031705718965872,0.00281764368355038,0.00363111237735949,0.00300952342680312,0.00133752785889469,0.00257765401321506,0.00171592264229049,0.00169420498347072,0.00196470137237893,
"IEA","Reference","XER","ChangeRate_Electricity_Rate_Total","TJ/TJ/y",0,-0.000460724832207016,-0.00484881057666964,-0.0172259176873653,0.00069147432076761,0.00704286891456799,0.00212734216750843,0.00819337560384906,0.00274415383579569,-0.00151148230377857,0.00475099684005873,0.00224624460851621,
"IEA","Reference","TUR","ChangeRate_Electricity_Rate_Total","TJ/TJ/y",0,0.00201616622303537,0.00201440349751564,0.00208507299040266,0.00286441025033926,0.00308187618295046,0.00328699052168537,0.00414688990166812,0.00521891220085157,0.00533281428805432,0.00342699923027858,0.00214493914897434,
"IEA","Reference","XOC","ChangeRate_Electricity_Rate_Total","TJ/TJ/y",0,0.00424051992179883,0.00386859995772404,0.00549201268341042,0.00304118629348419,0.00510879263981671,0.00412081624830363,0.000168894909238726,0.00210253635704231,0.0029593363599704,0.00208489426300437,-0.00274266061355411,
"IEA","Reference","CHN","ChangeRate_Electricity_Rate_Total","TJ/TJ/y",,,,,0.00207840243117997,0.00108842501442461,0.00221624144719499,0.00491855479615737,0.00602518260724782,0.00500352866571062,0.00798958466186086,0.00661872757902755,
"IEA","Reference","IND","ChangeRate_Electricity_Rate_Total","TJ/TJ/y",,,,,0.00138607266409478,0.00247801315673419,0.00367954339960398,0.00422469820686686,0.000888074376172943,0.00304240023357435,0.00275333606143678,0.00572695310114039,
"IEA","Reference","JPN","ChangeRate_Electricity_Rate_Total","TJ/TJ/y",0,-0.000105211429462732,0.000421964564983635,0.00414039040966383,0.00430331122877048,0.00421555598680119,0.0033182884546214,0.00109574897919629,0.00350311988854318,0.00204798283833328,0.00493817324107478,-0.000978650881741949,
"IEA","Reference","XSE","ChangeRate_Electricity_Rate_Total","TJ/TJ/y",,,,,0.00245020133923379,0.00255227265243278,0.00337841132432979,0.00368279626464116,0.00534798856830108,0.00384527453390001,0.00378220042255364,0.0030661646189288,
"IEA","Reference","XSA","ChangeRate_Electricity_Rate_Total","TJ/TJ/y",,,,,0.000972322840221278,0.00250311499487139,0.00262035349644451,0.00269153295101798,0.000784793615533161,0.00295173344754162,0.00157240395600977,0.00182808820145398,
"IEA","Reference","CAN","ChangeRate_Electricity_Rate_Total","TJ/TJ/y",0,0.00152357773186175,0.000889660506920864,0.00288280620956996,0.0030032659243915,0.00821933924946653,0.00352346457963256,-0.00119800150423108,6.86940503009659e-06,-0.000945078897364476,0.000529619672362486,-0.000339284139015211,
"IEA","Reference","BRA","ChangeRate_Electricity_Rate_Total","TJ/TJ/y",,,,,0.00672092305325296,0.00710458662940936,0.00418981552566617,0.00159692843306203,0.00184157253776222,0.000148268001439106,-0.000495913730293451,0.00148832194183814,
"IEA","Reference","XLM","ChangeRate_Electricity_Rate_Total","TJ/TJ/y",,,,,0.00239696885911209,0.00216056701909696,0.0026229260345589,0.00286342588438032,0.00278095308924959,0.00302465991996112,0.00172165093404178,0.00378467558307152,
"IEA","Reference","CIS","ChangeRate_Electricity_Rate_Total","TJ/TJ/y",,,,,0.000363289416149659,0.00196266621572166,-0.000517552449858688,0.000915927891020099,0.00164878813541722,0.00150395331886048,0.000530906137738019,0.00150462683918016,
"IEA","Reference","XME","ChangeRate_Electricity_Rate_Total","TJ/TJ/y",,,,,0.00101352017272596,0.00478130367885773,0.00161254858363982,0.00102151463207621,0.00303263930821011,0.000851345475850862,0.00223730716127185,0.00196861757198786,
"IEA","Reference","XNF","ChangeRate_Electricity_Rate_Total","TJ/TJ/y",,,,,0.00226423322104503,0.00116501770870769,0.00442879969723955,0.00203320798888593,0.0032607636915016,0.00328980415156278,0.00126105985673173,0.00309453135234586,
"IEA","Reference","XAF","ChangeRate_Electricity_Rate_Total","TJ/TJ/y",,,,,0.00211027165155856,0.00133918700401248,0.000326596182223093,-0.000519749388315449,0.00121220292197643,0.00044383349531725,-0.000198669888765826,-0.000665396929081777,

"MODEL","SCENARIO","REGION","VARIABLE","UNIT","1960","1965","1970","1975","1980","1985","1990","1995","2000","2005","2010","2015",
"IEA","Reference","XE25","Electricity_Rate_Ind","TJ/TJ",0.132864573194305,0.143701155797369,0.152446696032462,0.173643034313608,0.200390923973146,0.22894745432963,0.258454801643704,0.278232109973655,0.300209630007698,0.318886587866875,0.327343172481868,0.341164078115274,
"IEA","Reference","XER","Electricity_Rate_Ind","TJ/TJ",0.404289093486319,0.439788540775869,0.404228131553321,0.223037338387066,0.192006860917225,0.252580527736155,0.243035840725885,0.29234954765963,0.351611704933181,0.357385332454991,0.416216775223283,0.44173939716363,
"IEA","Reference","TUR","Electricity_Rate_Ind","TJ/TJ",0.12820764196956,0.181597120902636,0.171512866743157,0.158106000702864,0.159649545328487,0.206958095494553,0.215032035808454,0.248340396297926,0.200056911078851,0.245826655381679,0.291461718298293,0.330570096508166,
"IEA","Reference","XOC","Electricity_Rate_Ind","TJ/TJ",0.076660116727832,0.116209440828187,0.150811691839618,0.153943440762245,0.172835671845398,0.228417491991865,0.264782676591536,0.26813211422184,0.278836920596808,0.291659528568256,0.315147667927247,0.291522027879769,
"IEA","Reference","CHN","Electricity_Rate_Ind","TJ/TJ",,,,0.0767802149383091,0.0929960561918966,0.106217271269417,0.128304220095389,0.140214406197757,0.196557127262714,0.187921943863236,0.21968735957492,0.271748486410183,
"IEA","Reference","IND","Electricity_Rate_Ind","TJ/TJ",,,,0.0991889260417973,0.112887970432778,0.125228935791056,0.135085831990848,0.160763725362527,0.159401135268982,0.178841115806919,0.181466155991249,0.195655897224185,
"IEA","Reference","JPN","Electricity_Rate_Ind","TJ/TJ",0.187227225640648,0.195936109758997,0.226018879146916,0.252800686035811,0.308939405006599,0.293076838057726,0.336942179510067,0.324394358916994,0.34678348951246,0.342769520065679,0.355061545992798,0.347971782837371,
"IEA","Reference","XSE","Electricity_Rate_Ind","TJ/TJ",,,,0.112261210818525,0.115168931698114,0.138738150473911,0.162994650518621,0.189435308782416,0.229200596327845,0.249610145953292,0.265445561995661,0.293320883414801,
"IEA","Reference","XSA","Electricity_Rate_Ind","TJ/TJ",,,,0.0891764474343377,0.0846088297354326,0.108575877350581,0.125727181058388,0.125217981815934,0.128660322682934,0.133811563031133,0.150462787450647,0.163567354974499,
"IEA","Reference","CAN","Electricity_Rate_Ind","TJ/TJ",0.261558859848291,0.252073117589046,0.218737460000617,0.205925762205469,0.232993989895545,0.305193006468853,0.30571119550867,0.309968039536105,0.316421127626406,0.346674272515377,0.352524827460729,0.332562555332929,
"IEA","Reference","BRA","Electricity_Rate_Ind","TJ/TJ",,,,0.128956825988364,0.166952180510009,0.221756866871884,0.242107790109392,0.235298471178744,0.22427282901653,0.223372890453043,0.218365542593898,0.214991770023568,
"IEA","Reference","XLM","Electricity_Rate_Ind","TJ/TJ",,,,0.115142548184438,0.132420714397411,0.150432118227077,0.175458382157031,0.207759341490817,0.232271026393058,0.265378342792734,0.281709551004667,0.304227932220566,
"IEA","Reference","CIS","Electricity_Rate_Ind","TJ/TJ",,,,0.165959028301781,0.162087344564188,0.187751761973641,0.193193405166875,0.172897281831793,0.201339785667513,0.218966424381051,0.21744711557486,0.216390178850644,
"IEA","Reference","XME","Electricity_Rate_Ind","TJ/TJ",,,,0.0947941755113848,0.0580047155094448,0.103650371964318,0.0898811137358169,0.095355627702214,0.11418737619747,0.117022828687123,0.105417256623996,0.099038547440614,
"IEA","Reference","XNF","Electricity_Rate_Ind","TJ/TJ",,,,0.119197905077614,0.147876557925012,0.148782677174027,0.165572064943438,0.20355511179692,0.21468991769793,0.207468309264783,0.228428125728016,0.235422126565048,
"IEA","Reference","XAF","Electricity_Rate_Ind","TJ/TJ",,,,0.179124394215298,0.195292705606152,0.238966588885576,0.252666880337167,0.2751823654105,0.287115704544946,0.256869996145788,0.245690605664333,0.24280465740109,
"IEA","Reference","XE25","ChangeRate_Electricity_Rate_Ind","TJ/TJ/y",0,0.00216731652061291,0.00174910804701863,0.00423926765622908,0.00534957793190757,0.00571130607129678,0.00590146946281493,0.00395546166599006,0.00439550400680878,0.00373539157183528,0.00169131692299863,0.00276418112668121,
"IEA","Reference","XER","ChangeRate_Electricity_Rate_Ind","TJ/TJ/y",0,0.00709988945790988,-0.00711208184450964,-0.036238158633251,-0.00620609549396809,0.012114733363786,-0.0019089374020541,0.00986274138674915,0.0118524314547102,0.00115472550436188,0.0117662885536585,0.00510452438806945,
"IEA","Reference","TUR","ChangeRate_Electricity_Rate_Ind","TJ/TJ/y",0,0.0106778957866153,-0.00201685083189582,-0.00268137320805854,0.000308708925124646,0.00946171003321318,0.00161478806278006,0.00666167209789445,-0.00965669704381502,0.00915394886056558,0.00912701258332288,0.00782167564197452,
"IEA","Reference","XOC","ChangeRate_Electricity_Rate_Ind","TJ/TJ/y",0,0.00790986482007107,0.00692045020228604,0.000626349784525493,0.00377844621663057,0.0111163640292933,0.00727303691993431,0.000669887526060831,0.00214096127499364,0.00256452159428954,0.00469762787179808,-0.00472512800949549,
"IEA","Reference","CHN","ChangeRate_Electricity_Rate_Ind","TJ/TJ/y",,,,,0.00324316825071751,0.00264424301550401,0.00441738976519444,0.00238203722047364,0.0112685442129914,-0.00172703667989557,0.0063530831423367,0.0104122253670527,
"IEA","Reference","IND","ChangeRate_Electricity_Rate_Ind","TJ/TJ/y",,,,,0.00273980887819619,0.00246819307165562,0.00197137923995832,0.00513557867433574,-0.000272518018708939,0.00388799610758744,0.000525008036866043,0.00283794824658703,
"IEA","Reference","JPN","ChangeRate_Electricity_Rate_Ind","TJ/TJ/y",0,0.00174177682366967,0.00601655387758379,0.00535636137777915,0.0112277437941575,-0.00317251338977462,0.0087730682904683,-0.00250956411861464,0.00447782611909313,-0.000802793889356057,0.0024584051854238,-0.00141795263108541,
"IEA","Reference","XSE","ChangeRate_Electricity_Rate_Ind","TJ/TJ/y",,,,,0.000581544175917798,0.00471384375515954,0.00485130000894194,0.00528813165275896,0.00795305750908585,0.00408190992508928,0.00316708320847391,0.00557506428382805,
"IEA","Reference","XSA","ChangeRate_Electricity_Rate_Ind","TJ/TJ/y",,,,,-0.000913523539781019,0.00479340952302967,0.00343026074156137,-0.000101839848490787,0.000688468173399975,0.00103024806963977,0.00333024488390284,0.00262091350477047,
"IEA","Reference","CAN","ChangeRate_Electricity_Rate_Ind","TJ/TJ/y",0,-0.00189714845184895,-0.00666713151768575,-0.00256233955902965,0.00541364553801511,0.0144398033146617,0.00010363780796333,0.000851368805486985,0.00129061761806021,0.00605062897779426,0.00117011098907027,-0.00399245442555983,
"IEA","Reference","BRA","ChangeRate_Electricity_Rate_Ind","TJ/TJ/y",,,,,0.00759907090432901,0.0109609372723749,0.00407018464750164,-0.00136186378612972,-0.00220512843244278,-0.000179987712697338,-0.00100146957182889,-0.000674754514066167,
"IEA","Reference","XLM","ChangeRate_Electricity_Rate_Ind","TJ/TJ/y",,,,,0.00345563324259469,0.00360228076593318,0.00500525278599079,0.00646019186675717,0.00490233698044825,0.00662146327993521,0.00326624164238662,0.00450367624317964,
"IEA","Reference","CIS","ChangeRate_Electricity_Rate_Ind","TJ/TJ/y",,,,,-0.00077433674751845,0.00513288348189054,0.00108832863864688,-0.00405922466701645,0.00568850076714401,0.00352532774270756,-0.000303861761238222,-0.000211387344843217,
"IEA","Reference","XME","ChangeRate_Electricity_Rate_Ind","TJ/TJ/y",,,,,-0.00735789200038799,0.00912913129097462,-0.00275385164570021,0.00109490279327943,0.00376634969905127,0.000567090497930597,-0.00232111441262547,-0.0012757418366764,
"IEA","Reference","XNF","ChangeRate_Electricity_Rate_Ind","TJ/TJ/y",,,,,0.00573573056947975,0.000181223849802892,0.0033578775538823,0.00759660937069633,0.00222696118020208,-0.00144432168662946,0.00419196329264652,0.00139880016740649,
"IEA","Reference","XAF","ChangeRate_Electricity_Rate_Ind","TJ/TJ/y",,,,,0.0032336622781707,0.00873477665588481,0.00274005829031825,0.0045030970146667,0.00238666782688907,-0.00604914167983156,-0.00223587809629091,-0.00057718965264863,

"MODEL","SCENARIO","REGION","VARIABLE","UNIT","1960","1965","1970","1975","1980","1985","1990","1995","2000","2005","2010","2015",
"IEA","Reference","XE25","Electricity_Rate_Tra","TJ/TJ",0.0207583860742359,0.0204667758177143,0.0199717278753971,0.0199355413268661,0.019703781216817,0.021141661613848,0.019760772347005,0.0204357267100113,0.0195354225780337,0.016838974062647,0.0161475376052873,0.0168579028826531,
"IEA","Reference","XER","Electricity_Rate_Tra","TJ/TJ",0.0566986256746168,0.046457894705091,0.0410056682471213,0.0243338284151492,0.0362115215579471,0.0441305402178779,0.035795051202389,0.0336629250553862,0.0273676389456288,0.0227118585993564,0.0205525372146138,0.0197447500688979,
"IEA","Reference","TUR","Electricity_Rate_Tra","TJ/TJ",0.00212198375166727,0.00218047465702951,0.00561797752808989,0.0025146612923725,0.00233364100242072,0.00281227078887329,0.0032158836689038,0.00261634254903601,0.00559410445578342,0.0051893437786495,0.00347424033645275,0.0037531611768217,
"IEA","Reference","XOC","Electricity_Rate_Tra","TJ/TJ",0.00782047828648052,0.00594909706131156,0.00456218168628814,0.00411256150648371,0.00414750574827552,0.00492511445648613,0.00668664655446173,0.00660487223281326,0.00695394308583736,0.00956372929655401,0.00927029669786711,0.013422003914885,
"IEA","Reference","CHN","Electricity_Rate_Tra","TJ/TJ",,,,0.00734441895120278,0.0101134315700201,0.0110319643209835,0.0161017855878094,0.0183361814231453,0.0163780576824429,0.0202682489595382,0.0277628038159594,0.0291025141457537,
"IEA","Reference","IND","Electricity_Rate_Tra","TJ/TJ",,,,0.0113370716130117,0.01162888490711,0.0162464124641246,0.0170406013652741,0.0205198333353179,0.0221248109622089,0.0219444076640528,0.0176782755102643,0.0163848365795083,
"IEA","Reference","JPN","Electricity_Rate_Tra","TJ/TJ",0.0366225839267548,0.0357743008532069,0.029588962182426,0.0276788965127066,0.0242569089732022,0.0255464427948514,0.0201004791443495,0.0188356006745532,0.0179456734351214,0.0187228212782575,0.0199482213071386,0.0207219203106501,
"IEA","Reference","XSE","Electricity_Rate_Tra","TJ/TJ",,,,0.00118078712384582,0.00193528097152335,0.00242148189377645,0.00213207358950905,0.0020207866353412,0.00248137380680548,0.0033265218165786,0.00376340959217695,0.00340058513686364,
"IEA","Reference","XSA","Electricity_Rate_Tra","TJ/TJ",,,,0.00136457229187227,0.00086815358554489,0.000712994321509511,0.000558236901785195,0.000198514795882385,0.000142308826653412,0.000122945123711303,3.55867989400609e-05,2.35670939095131e-05,
"IEA","Reference","CAN","Electricity_Rate_Tra","TJ/TJ",0.00308531750199922,0.00400750360105854,0.00539550219773689,0.00692003581034957,0.00443084497539378,0.00589574594108754,0.00651808230574392,0.00697635341256204,0.00745870411944187,0.0062297240210303,0.00578867154733447,0.00908439610987532,
"IEA","Reference","BRA","Electricity_Rate_Tra","TJ/TJ",,,,0.00243849636110426,0.00275227738646043,0.00360890207507496,0.0031141677969835,0.00251933852340182,0.00226860139715598,0.00194237720265893,0.0020400752198886,0.00280883436897062,
"IEA","Reference","XLM","Electricity_Rate_Tra","TJ/TJ",,,,0.00177699461446655,0.00142905100293508,0.00190516908522183,0.00212093306058514,0.00181925488405348,0.00211361326841166,0.00230341551551739,0.00381231842246925,0.00205719703228005,
"IEA","Reference","CIS","Electricity_Rate_Tra","TJ/TJ",,,,0.0622295610937374,0.0669196372446915,0.0667306092988381,0.0715961255272557,0.0717054838270854,0.0662288548582774,0.0740893721290496,0.0676954039416431,0.0654327559494369,
"IEA","Reference","XME","Electricity_Rate_Tra","TJ/TJ",,,,,,,,,1.49359407036798e-05,9.5410696446577e-05,0.000211077570614863,0.000325745571607647,
"IEA","Reference","XNF","Electricity_Rate_Tra","TJ/TJ",,,,0.00188818734015345,0.00191849151752679,0.00196094716989541,0.00334127118942844,0.00308723785764403,0.00280398973594901,0.00287288064588852,0.00222073000209339,0.00362632598913076,
"IEA","Reference","XAF","Electricity_Rate_Tra","TJ/TJ",,,,0.0155352856719366,0.0184353577914055,0.0187601892719392,0.0143523988650704,0.0133826879271071,0.0142202787183401,0.0113763609526321,0.00613530964486096,0.00455306973797156,
"IEA","Reference","XE25","ChangeRate_Electricity_Rate_Tra","TJ/TJ/y",0,-5.83220513043263e-05,-9.90095884634223e-05,-7.23730970620118e-06,-4.63520220098199e-05,0.000287576079406185,-0.000276177853368582,0.000134990872601246,-0.000180060826395522,-0.000539289703077336,-0.000138287291471938,0.000142073055473153,
"IEA","Reference","XER","ChangeRate_Electricity_Rate_Tra","TJ/TJ/y",0,-0.00204814619390516,-0.00109044529159394,-0.00333436796639443,0.00237553862855958,0.00158380373198617,-0.00166709780309779,-0.000426425229400564,-0.00125905722195147,-0.000931156069254475,-0.000431864276948533,-0.000161557429143173,
"IEA","Reference","TUR","ChangeRate_Electricity_Rate_Tra","TJ/TJ/y",0,1.16981810724468e-05,0.000687500574212076,-0.000620663247143478,-3.62040579903558e-05,9.57259572905137e-05,8.07225760061035e-05,-0.000119908223973558,0.000595552381349481,-8.09521354267833e-05,-0.000343020688439351,5.57841680737907e-05,
"IEA","Reference","XOC","ChangeRate_Electricity_Rate_Tra","TJ/TJ/y",0,-0.000374276245033792,-0.000277383075004684,-8.99240359608866e-05,6.98884835836182e-06,0.000155521741642123,0.00035230641959512,-1.63548643296957e-05,6.98141706048207e-05,0.000521957242143331,-5.86865197373811e-05,0.000830341443403574,
"IEA","Reference","CHN","ChangeRate_Electricity_Rate_Tra","TJ/TJ/y",,,,,0.000553802523763472,0.000183706550192672,0.00101396425336517,0.000446879167067193,-0.000391624748140477,0.000778038255419062,0.00149891097128422,0.000267942065958857,
"IEA","Reference","IND","ChangeRate_Electricity_Rate_Tra","TJ/TJ/y",,,,,5.83626588196766e-05,0.00092350551140292,0.000158837780229901,0.000695846394008745,0.000320995525378207,-3.60806596312192e-05,-0.00085322643075771,-0.000258687786151184,
"IEA","Reference","JPN","ChangeRate_Electricity_Rate_Tra","TJ/TJ/y",0,-0.00016965661470959,-0.00123706773415618,-0.000382013133943887,-0.000684397507900868,0.000257906764329847,-0.00108919273010039,-0.000252975693959262,-0.000177985447886361,0.000155429568627231,0.000245080005776219,0.000154739800702284,
"IEA","Reference","XSE","ChangeRate_Electricity_Rate_Tra","TJ/TJ/y",,,,,0.000150898769535506,9.72401844506205e-05,-5.78816608534801e-05,-2.22573908335689e-05,9.21174342928543e-05,0.000169029601954626,8.73775551196682e-05,-7.25648910626617e-05,
"IEA","Reference","XSA","ChangeRate_Electricity_Rate_Tra","TJ/TJ/y",,,,,-9.92837412654753e-05,-3.10318528070758e-05,-3.09514839448632e-05,-7.1944421180562e-05,-1.12411938457946e-05,-3.87274058842171e-06,-1.74716649542485e-05,-2.40394100610956e-06,
"IEA","Reference","CAN","ChangeRate_Electricity_Rate_Tra","TJ/TJ/y",0,0.000184437219811864,0.000277599719335669,0.000304906722522536,-0.000497838166991158,0.000292980193138753,0.000124467272931276,9.16542213636231e-05,9.64701413759673e-05,-0.000245796019682315,-8.82104947391658e-05,0.00065914491250817,
"IEA","Reference","BRA","ChangeRate_Electricity_Rate_Tra","TJ/TJ/y",,,,,6.2756205071234e-05,0.000171324937722906,-9.89468556182912e-05,-0.000118965854716336,-5.01474252491686e-05,-6.52448388994107e-05,1.95396034459351e-05,0.000153751829816405,
"IEA","Reference","XLM","ChangeRate_Electricity_Rate_Tra","TJ/TJ/y",,,,,-6.95887223062957e-05,9.52236164573505e-05,4.31527950726616e-05,-6.03356353063306e-05,5.88716768716357e-05,3.79604494211465e-05,0.00030178058139037,-0.000351024278037839,
"IEA","Reference","CIS","ChangeRate_Electricity_Rate_Tra","TJ/TJ/y",,,,,0.000938015230190825,-3.78055891706947e-05,0.000973103245683521,2.18716599659358e-05,-0.00109532579376159,0.00157210345415444,-0.0012787936374813,-0.000452529598441231,
"IEA","Reference","XME","ChangeRate_Electricity_Rate_Tra","TJ/TJ/y",,,,,,,,,,1.60949511485794e-05,2.31333748336573e-05,2.29336001985566e-05,
"IEA","Reference","XNF","ChangeRate_Electricity_Rate_Tra","TJ/TJ/y",,,,,6.06083547466754e-06,8.49113047372385e-06,0.000276064803906607,-5.0806666356882e-05,-5.66496243390043e-05,1.37781819879028e-05,-0.000130430128759027,0.000281119197407474,
"IEA","Reference","XAF","ChangeRate_Electricity_Rate_Tra","TJ/TJ/y",,,,,0.000580014423893779,6.49662961067443e-05,-0.000881558081373774,-0.000193942187592662,0.000167518158246605,-0.00056878355314159,-0.00104821026155424,-0.00031644798137788,

"MODEL","SCENARIO","REGION","VARIABLE","UNIT","1960","1965","1970","1975","1980","1985","1990","1995","2000","2005","2010","2015",
"IEA","Reference","XE25","Electricity_Rate_Res","TJ/TJ",0.0531903233960023,0.0743938518213298,0.0946942644362568,0.132448440547839,0.15908018824877,0.165681020459678,0.195517991362964,0.199245325160161,0.21483478174771,0.224907307166796,0.228589851148999,0.249125849518132,
"IEA","Reference","XER","Electricity_Rate_Res","TJ/TJ",0.353050030842072,0.447094045101135,0.512238206758113,0.218004513437735,0.244443446483404,0.25341505006123,0.247010626891948,0.326835733053478,0.319862600282613,0.316154440921072,0.337405672117125,0.3640395013026,
"IEA","Reference","TUR","Electricity_Rate_Res","TJ/TJ",0.00562836478329436,0.00896852293984047,0.0148034130091104,0.015566683503338,0.0246386166696008,0.0317542429933033,0.0534915644511358,0.0767140489742983,0.1184363650887,0.13960922554651,0.183761768933221,0.20440908368914,
"IEA","Reference","XOC","Electricity_Rate_Res","TJ/TJ",0.491793322075075,0.584614677423062,0.352817129879961,0.387022930335591,0.451020753631039,0.478064051312459,0.481591277781895,0.474199693026093,0.494828150797704,0.536449309047881,0.537764737980153,0.516092089328005,
"IEA","Reference","CHN","Electricity_Rate_Res","TJ/TJ",,,,0.00329628181553567,0.00459057041197109,0.00811375696988161,0.00753176439946634,0.0314006226955398,0.0475367680976838,0.0894276892588301,0.159786754816376,0.209255914376792,
"IEA","Reference","IND","Electricity_Rate_Res","TJ/TJ",,,,0.00576784506196387,0.00813241922002951,0.0137481188141598,0.0229995760529632,0.0345497877232133,0.0464690484963265,0.0585642817562911,0.0769726018468459,0.121937428416254,
"IEA","Reference","JPN","Electricity_Rate_Res","TJ/TJ",0.212965180846199,0.328670972992218,0.34706780268008,0.345935593623784,0.387876492955302,0.369449811815602,0.412220465553514,0.432839112348368,0.441369954720706,0.473164713432881,0.514553913942821,0.522111712414477,
"IEA","Reference","XSE","Electricity_Rate_Res","TJ/TJ",,,,0.0152325794988841,0.0272208738853326,0.0407090533977136,0.0595443851472416,0.0957546645693811,0.119481946526648,0.147191814611172,0.187104561891658,0.255238598605621,
"IEA","Reference","XSA","Electricity_Rate_Res","TJ/TJ",,,,0.00515545294995653,0.0104072390112587,0.0191485440613913,0.0278781101116027,0.0458989597779254,0.057270549892653,0.0696742626304945,0.0764497788047249,0.0892513678449298,
"IEA","Reference","CAN","Electricity_Rate_Res","TJ/TJ",0.0729033407681862,0.0985675087276334,0.142417783838266,0.206341999254576,0.257733681497398,0.329085344305665,0.355063155071967,0.349143934291412,0.36182987869252,0.391003691693259,0.417770775816362,0.422737109068104,
"IEA","Reference","BRA","Electricity_Rate_Res","TJ/TJ",,,,0.0515137498903237,0.0954604779464148,0.151335628834692,0.231911184415179,0.302228700978547,0.34757190298697,0.327815290786321,0.394222439414469,0.452633020205686,
"IEA","Reference","XLM","Electricity_Rate_Res","TJ/TJ",,,,0.0786049827822473,0.102035859884004,0.114543506379351,0.135148396889975,0.16175247960252,0.185347061033045,0.214947191787945,0.239164762425806,0.271320750095399,
"IEA","Reference","CIS","Electricity_Rate_Res","TJ/TJ",,,,0.0831417503857903,0.0901965795582817,0.0776029010563012,0.0944114246678558,0.0848608855308529,0.0935149450087024,0.0939350612727516,0.107691026479045,0.12728831191855,
"IEA","Reference","XME","Electricity_Rate_Res","TJ/TJ",,,,0.115311809537996,0.168199373684177,0.268231485416085,0.287931856004727,0.250932597335957,0.263648246476311,0.282645672472775,0.334364802136399,0.380814303926135,
"IEA","Reference","XNF","Electricity_Rate_Res","TJ/TJ",,,,0.0872000039367948,0.110712934549582,0.141596384284581,0.186383957803204,0.201126564954459,0.236007392687909,0.260072387588657,0.281174444343837,0.312049186221372,
"IEA","Reference","XAF","Electricity_Rate_Res","TJ/TJ",,,,0.0119491407429459,0.0157440256705948,0.0177746135291808,0.0198200493870214,0.0201948903885759,0.0213982200942576,0.0262738464925151,0.0297718862850248,0.0309442243414435,
"IEA","Reference","XE25","ChangeRate_Electricity_Rate_Res","TJ/TJ/y",0,0.00424070568506549,0.0040600825229854,0.00755083522231638,0.0053263495401862,0.00132016644218157,0.00596739418065731,0.000745466759439411,0.00311789131750972,0.0020145050838173,0.000736508796440571,0.00410719967382663,
"IEA","Reference","XER","ChangeRate_Electricity_Rate_Res","TJ/TJ/y",0,0.0188088028518126,0.0130288323313956,-0.0588467386640756,0.0052877866091337,0.0017943207155653,-0.00128088463385651,0.0159650212323061,-0.0013946265541731,-0.000741631872308046,0.00425024623921049,0.0053267658370951,
"IEA","Reference","TUR","ChangeRate_Electricity_Rate_Res","TJ/TJ/y",0,0.000668031631309221,0.00116697801385399,0.000152654098845514,0.00181438663325255,0.00142312526474051,0.00434746429156649,0.00464449690463249,0.00834446322288025,0.00423457209156211,0.00883050867734223,0.00412946295118383,
"IEA","Reference","XOC","ChangeRate_Electricity_Rate_Res","TJ/TJ/y",0,0.0185642710695974,-0.0463595095086202,0.00684116009112595,0.0127995646590896,0.00540865953628398,0.000705445293887241,-0.00147831695116047,0.00412569155432217,0.00832423165003541,0.000263085786454376,-0.00433452973042954,
"IEA","Reference","CHN","ChangeRate_Electricity_Rate_Res","TJ/TJ/y",,,,,0.000258857719287084,0.000704637311582104,-0.000116398514083054,0.0047737716592147,0.00322722908042879,0.00837818423222926,0.0140718131115093,0.0098938319120832,
"IEA","Reference","IND","ChangeRate_Electricity_Rate_Res","TJ/TJ/y",,,,,0.000472914831613127,0.00112313991882605,0.00185029144776069,0.00231004233405002,0.00238385215462264,0.00241904665199292,0.00368166401811095,0.0089929653138817,
"IEA","Reference","JPN","ChangeRate_Electricity_Rate_Res","TJ/TJ/y",0,0.0231411584292038,0.00367936593757243,-0.000226441811259237,0.0083881798663036,-0.00368533622793997,0.00855413074758237,0.00412372935897072,0.00170616847446763,0.00635895174243508,0.00827784010198806,0.00151155969433105,
"IEA","Reference","XSE","ChangeRate_Electricity_Rate_Res","TJ/TJ/y",,,,,0.0023976588772897,0.0026976359024762,0.0037670663499056,0.00724205588442789,0.00474545639145347,0.00554197361690475,0.00798254945609722,0.0136268073427926,
"IEA","Reference","XSA","ChangeRate_Electricity_Rate_Res","TJ/TJ/y",,,,,0.00105035721226044,0.00174826101002651,0.00174591321004228,0.00360416993326455,0.00227431802294551,0.0024807425475683,0.00135510323484608,0.00256031780804099,
"IEA","Reference","CAN","ChangeRate_Electricity_Rate_Res","TJ/TJ/y",0,0.00513283359188944,0.00877005502212657,0.012784843083262,0.0102783364485643,0.0142703325616534,0.00519556215326047,-0.00118384415611111,0.00253718888022166,0.00583476260014771,0.00535341682462064,0.000993266650348412,
"IEA","Reference","BRA","ChangeRate_Electricity_Rate_Res","TJ/TJ/y",,,,,0.00878934561121823,0.0111750301776554,0.0161151111160974,0.0140635033126738,0.00906864040168458,-0.00395132244012987,0.0132814297256297,0.0116821161582432,
"IEA","Reference","XLM","ChangeRate_Electricity_Rate_Res","TJ/TJ/y",,,,,0.00468617542035141,0.00250152929906937,0.00412097810212485,0.00532081654250896,0.00471891628610491,0.00592002615098014,0.00484351412757204,0.00643119753391871,
"IEA","Reference","CIS","ChangeRate_Electricity_Rate_Res","TJ/TJ/y",,,,,0.00141096583449827,-0.0025187357003961,0.00336170472231093,-0.00191010782740059,0.00173081189556991,8.40232528098311e-05,0.00275119304125872,0.00391945708790088,
"IEA","Reference","XME","ChangeRate_Electricity_Rate_Res","TJ/TJ/y",,,,,0.0105775128292363,0.0200064223463816,0.00394007411772834,-0.00739985173375407,0.00254312982807093,0.0037994851992927,0.0103438259327248,0.0092899003579472,
"IEA","Reference","XNF","ChangeRate_Electricity_Rate_Res","TJ/TJ/y",,,,,0.00470258612255739,0.00617668994699986,0.00895751470372457,0.00294852143025098,0.00697616554669007,0.00481299898014968,0.00422041135103598,0.00617494837550686,
"IEA","Reference","XAF","ChangeRate_Electricity_Rate_Res","TJ/TJ/y",,,,,0.000758976985529765,0.000406117571717206,0.000409087171568117,7.49682003109146e-05,0.000240665941136321,0.000975125279651511,0.000699607958501945,0.000234467611283742,

"MODEL","SCENARIO","REGION","VARIABLE","UNIT","1960","1965","1970","1975","1980","1985","1990","1995","2000","2005","2010","2015",
"IEA","Reference","XE25","Electricity_Rate_Com","TJ/TJ",0.326692177188977,0.29578536083379,0.178938136390862,0.197319032640076,0.22671548197485,0.294648225051267,0.344969441618035,0.387388201606417,0.447655602620373,0.442966483587051,0.461534793614932,0.486420738743721,
"IEA","Reference","XER","Electricity_Rate_Com","TJ/TJ",0.954683645958814,0.971267127082025,0.971282248960599,0.978048461967684,0.511687762722213,0.511246684792581,0.49973860165644,0.527439568318685,0.55139864096288,0.514486839649897,0.539312113623441,0.560201728635327,
"IEA","Reference","TUR","Electricity_Rate_Com","TJ/TJ",0.913916786226686,0.958904109589041,0.723231827111984,0.539399953303759,0.98867690398635,0.993408203125,0.714201500535906,0.858953688775227,0.761012255536072,0.559627353202675,0.408794366211358,0.422849662033054,
"IEA","Reference","XOC","Electricity_Rate_Com","TJ/TJ",0.200572246065808,0.204260533509285,0.240022191038736,0.435951169515722,0.519916126455498,0.614994423091952,0.653417779235872,0.66838805398679,0.699494070830084,0.731363755751627,0.743649321200342,0.726892140047476,
"IEA","Reference","CHN","Electricity_Rate_Com","TJ/TJ",,,,0.0421114780538382,0.0597589941547938,0.111552084479155,0.160542350971835,0.194452979704051,0.306746891044607,0.299031943818428,0.326245488332018,0.350564263066715,
"IEA","Reference","IND","Electricity_Rate_Com","TJ/TJ",,,,0.0468034625294259,0.0549348473687984,0.0767429007553228,0.106764498571739,0.148099396275996,0.198861163411989,0.284897882330318,0.339678059362313,0.364241416810087,
"IEA","Reference","JPN","Electricity_Rate_Com","TJ/TJ",0.0616297648938599,0.0713672107315139,0.00645360218561994,0.164636955623424,0.223859478551668,0.374839528643183,0.356843360517003,0.424195583666174,0.463539009081105,0.478529252548405,0.551674876263462,0.544953383591101,
"IEA","Reference","XSE","Electricity_Rate_Com","TJ/TJ",,,,0.328451251801455,0.33170854360024,0.346952928056677,0.32125757766049,0.320118339251407,0.458786970592892,0.574761599057609,0.651063520217639,0.658254082628249,
"IEA","Reference","XSA","Electricity_Rate_Com","TJ/TJ",,,,0.132975422882888,0.21628511446566,0.323276458609304,0.462209667294413,0.483826174771989,0.452871391591319,0.467556857494586,0.481463916472708,0.482836973032197,
"IEA","Reference","CAN","Electricity_Rate_Com","TJ/TJ",0.268889988516157,0.241670209671284,0.23062277087002,0.30030115716675,0.341232351277969,0.352343184901195,0.506589233861961,0.490451295903873,0.470815179432601,0.432927180728646,0.481917078560704,0.483329026095963,
"IEA","Reference","BRA","Electricity_Rate_Com","TJ/TJ",,,,0.656531178526233,0.705030845706699,0.791661645981444,0.773534367525876,0.782280060751386,0.805645669475109,0.833336912924651,0.885786696676475,0.917979350780003,
"IEA","Reference","XLM","Electricity_Rate_Com","TJ/TJ",,,,0.418856119511255,0.469282561908032,0.459644087256028,0.472388850985153,0.524691946766168,0.588178497258371,0.597782867795064,0.608985634020792,0.638000416919689,
"IEA","Reference","CIS","Electricity_Rate_Com","TJ/TJ",,,,0.0922163939050388,0.0870154357681472,0.112541797607169,0.146559818079357,0.196674677400554,0.220402052232962,0.260471897663175,0.310520361292617,0.311023656427289,
"IEA","Reference","XME","Electricity_Rate_Com","TJ/TJ",,,,0.120221514077363,0.237232130512927,0.379117781408307,0.525830916184951,0.508261130296325,0.524024418405823,0.534132785913337,0.578410113547281,0.630932228043587,
"IEA","Reference","XNF","Electricity_Rate_Com","TJ/TJ",,,,0.160342079450711,0.173827126051983,0.285229244114002,0.203784409996138,0.218752731404598,0.610950505422867,0.65286059444352,0.796905800689468,0.769410564431492,
"IEA","Reference","XAF","Electricity_Rate_Com","TJ/TJ",,,,0.240837696335079,0.295430255147532,0.29746255586882,0.269951923076923,0.274867797361195,0.260828081575136,0.317011650311786,0.309772865897444,0.268257299327573,
"IEA","Reference","XE25","ChangeRate_Electricity_Rate_Com","TJ/TJ/y",0,-0.00618136327103748,-0.0233694448885857,0.0036761792498429,0.00587928986695471,0.0135865486152834,0.0100642433133538,0.00848375199767621,0.0120534802027913,-0.000937823806664495,0.00371366200557622,0.00497718902575776,
"IEA","Reference","XER","ChangeRate_Electricity_Rate_Com","TJ/TJ/y",0,0.00331669622464232,3.02437571475522e-06,0.001353242601417,-0.0932721398490942,-8.82155859264877e-05,-0.00230161662722812,0.00554019333244895,0.00479181452883897,-0.00738236026259658,0.00496505479470883,0.00417792300237714,
"IEA","Reference","TUR","ChangeRate_Electricity_Rate_Com","TJ/TJ/y",0,0.00899746467247104,-0.0471344564954113,-0.0367663747616451,0.0898553901365182,0.000946259827729956,-0.0558413405178189,0.0289504376478642,-0.0195882866478309,-0.0402769804666794,-0.0301665973982635,0.00281105916433925,
"IEA","Reference","XOC","ChangeRate_Electricity_Rate_Com","TJ/TJ/y",0,0.000737657488695259,0.00715233150589037,0.039185795695397,0.0167929913879552,0.0190156593272907,0.00768467122878411,0.00299405495018368,0.00622120336865866,0.00637393698430866,0.00245711308974292,-0.00335143623057306,
"IEA","Reference","CHN","ChangeRate_Electricity_Rate_Com","TJ/TJ/y",,,,,0.00352950322019112,0.0103586180648723,0.00979805329853596,0.00678212574644322,0.0224587822681112,-0.0015429894452359,0.00544270890271797,0.00486375494693941,
"IEA","Reference","IND","ChangeRate_Electricity_Rate_Com","TJ/TJ/y",,,,,0.0016262769678745,0.00436161067730487,0.00600431956328324,0.00826697954085147,0.0101523534271985,0.0172073437836658,0.0109560354063989,0.00491267148955492,
"IEA","Reference","JPN","ChangeRate_Electricity_Rate_Com","TJ/TJ/y",0,0.00194748916753081,-0.0129827217091788,0.0316366706875608,0.0118445045856489,0.0301960100183029,-0.00359923362523601,0.0134704446298342,0.00786868508298633,0.00299804869346002,0.0146291247430113,-0.00134429853447227,
"IEA","Reference","XSE","ChangeRate_Electricity_Rate_Com","TJ/TJ/y",,,,,0.000651458359757084,0.0030488768912875,-0.00513907007923746,-0.000227847681816684,0.027733726268297,0.0231949256929435,0.015260384232006,0.00143811248212184,
"IEA","Reference","XSA","ChangeRate_Electricity_Rate_Com","TJ/TJ/y",,,,,0.0166619383165545,0.0213982688287288,0.0277866417370218,0.0043233014955151,-0.00619095663613392,0.00293709318065343,0.00278141179562447,0.000274611311897721,
"IEA","Reference","CAN","ChangeRate_Electricity_Rate_Com","TJ/TJ/y",0,-0.0054439557689746,-0.00220948776025277,0.0139356772593459,0.00818623882224394,0.00222216672464524,0.0308492097921531,-0.0032275875916177,-0.00392722329425441,-0.00757759974079099,0.00979797956641177,0.000282389507051628,
"IEA","Reference","BRA","ChangeRate_Electricity_Rate_Com","TJ/TJ/y",,,,,0.00969993343609319,0.017326160054949,-0.00362545569111348,0.00174913864510204,0.00467312174474455,0.00553824868990846,0.0104899567503648,0.00643853082070565,
"IEA","Reference","XLM","ChangeRate_Electricity_Rate_Com","TJ/TJ/y",,,,,0.0100852884793553,-0.00192769493040087,0.00254895274582499,0.0104606191562031,0.0126973100984405,0.00192087410733868,0.0022405532451456,0.00580295657977932,
"IEA","Reference","CIS","ChangeRate_Electricity_Rate_Com","TJ/TJ/y",,,,,-0.00104019162737831,0.00510527236780426,0.00680360409443768,0.0100229718642394,0.00474547496648164,0.00801396908604252,0.0100096927258884,0.000100659026934391,
"IEA","Reference","XME","ChangeRate_Electricity_Rate_Com","TJ/TJ/y",,,,,0.0234021232871128,0.028377130179076,0.0293426269553289,-0.00351395717772518,0.00315265762189951,0.00202167350150289,0.00885546552678882,0.0105044228992612,
"IEA","Reference","XNF","ChangeRate_Electricity_Rate_Com","TJ/TJ/y",,,,,0.00269700932025439,0.0222804236124039,-0.0162889668235728,0.00299366428169183,0.0784395548036539,0.00838201780413053,0.0288090412491897,-0.00549904725159531,
"IEA","Reference","XAF","ChangeRate_Electricity_Rate_Com","TJ/TJ/y",,,,,0.0109185117624907,0.000406460144257637,-0.00550212655837944,0.000983174856854296,-0.0028079431572117,0.01123671374733,-0.00144775688286839,-0.00830311331397418,

"MODEL","SCENARIO","REGION","VARIABLE","UNIT","1960","1965","1970","1975","1980","1985","1990","1995","2000","2005","2010","2015",
"IEA","Reference","XE25","Electricity_Rate_AgFo","TJ/TJ",0.0921876529602222,0.0979900671379248,0.0914178871143239,0.11138398388999,0.120346995693446,0.131345412428349,0.12997955122354,0.109960820480513,0.125495415112011,0.135176660751621,0.162334588729019,0.187373632768194,
"IEA","Reference","XER","Electricity_Rate_AgFo","TJ/TJ",0.0767181672882259,0.127659574468085,0.145088161209068,0.454910970706491,0.411585304681073,0.294095694531741,0.128325596873079,0.16707332617127,0.216539146839954,0.253067379532525,0.282304330552245,0.264336917562724,
"IEA","Reference","TUR","Electricity_Rate_AgFo","TJ/TJ",0.00965665236051502,0.00269880123015126,0.00335334945020666,0.00670514985757858,0.014849953593895,0.0180534511106096,0.0253266774335634,0.049124294294836,0.0905085578576693,0.104529919480971,0.0945747375340771,0.109815751375965,
"IEA","Reference","XOC","Electricity_Rate_AgFo","TJ/TJ",0.016837899543379,0.0173313101616957,0.0235494003990754,0.108679810955425,0.118196040351729,0.131879020462088,0.159170206864334,0.16058554484612,0.172132288139524,0.113173801440755,0.135460696828959,0.148027723111149,
"IEA","Reference","CHN","Electricity_Rate_AgFo","TJ/TJ",,,,0.117093345677095,0.151165825758401,0.128343543397829,0.125945732380073,0.147171625709814,0.245752367338731,0.212851888888297,0.245231041186922,0.215490810789652,
"IEA","Reference","IND","Electricity_Rate_AgFo","TJ/TJ",,,,0.485923449567411,0.525875366731527,0.397519246816555,0.501810224235121,0.515656744546621,0.472454214269783,0.50364114149011,0.560306362602974,0.599774891774892,
"IEA","Reference","JPN","Electricity_Rate_AgFo","TJ/TJ",,,,0.0460202693719767,0.0299077007852321,0.0282089221424164,0.0571464330413016,0.0552032692172198,0.0552484920762333,0.0590688740510381,0.0717950102602873,0.0730766707248617,
"IEA","Reference","XSE","Electricity_Rate_AgFo","TJ/TJ",,,,0.01767938381154,0.0375309691820865,0.0330680580321522,0.0502737303921105,0.0631201396826287,0.0848882451506631,0.101619795237859,0.147684778347101,0.163867813720199,
"IEA","Reference","XSA","Electricity_Rate_AgFo","TJ/TJ",,,,0.222727026880848,0.324471273225447,0.381095109291615,0.433504368326168,0.450652797321126,0.359411397079711,0.42803707012059,0.432095456865748,0.416499794619018,
"IEA","Reference","CAN","Electricity_Rate_AgFo","TJ/TJ",1,1,1,0.368994589928945,0.277041411990935,0.275470849691289,0.228700673016807,0.210620759266528,0.19662387742218,0.169860402585683,0.146360113974719,0.128766310375766,
"IEA","Reference","BRA","Electricity_Rate_AgFo","TJ/TJ",,,,0.0120521187178331,0.0304552303547783,0.0635227810184455,0.0950841366631403,0.11185971045126,0.150958781683503,0.160778808837054,0.15348291488885,0.201850406680494,
"IEA","Reference","XLM","Electricity_Rate_AgFo","TJ/TJ",,,,0.0587352861757558,0.0767217838262405,0.0929662491841999,0.121965109657024,0.109682333013096,0.136039532855702,0.116277403297234,0.117406567404169,0.135672465057807,
"IEA","Reference","CIS","Electricity_Rate_AgFo","TJ/TJ",,,,0.0501699646914937,0.0727097235988657,0.0848609489297336,0.305743932993777,0.274449536800097,0.270884557510794,0.227417579313851,0.220532726455784,0.233833691193411,
"IEA","Reference","XME","Electricity_Rate_AgFo","TJ/TJ",,,,0.0431965442764579,0.0513206351720588,0.0801591984682265,0.122964561206246,0.163481443565155,0.216146756091001,0.291211933051986,0.349329560943624,0.480442331530392,
"IEA","Reference","XNF","Electricity_Rate_AgFo","TJ/TJ",,,,0.135759347043519,0.153047485888872,0.287410193950233,0.370018784382128,0.336881396748946,0.332598147331275,0.233710870564634,0.22725330587114,0.359310285319834,
"IEA","Reference","XAF","Electricity_Rate_AgFo","TJ/TJ",,,,0.0637071903911703,0.101819045749879,0.139409415559481,0.161042389110295,0.138565096984674,0.112375733855186,0.135824164757421,0.125847251937218,0.127354508137064,
"IEA","Reference","XE25","ChangeRate_Electricity_Rate_AgFo","TJ/TJ/y",0,0.00116048283554051,-0.00131443600472016,0.00399321935513314,0.00179260236069126,0.00219968334698051,-0.000273172240961711,-0.00400374614860532,0.00310691892629945,0.00193624912792204,0.00543158559547965,0.00500780880783508,
"IEA","Reference","XER","ChangeRate_Electricity_Rate_AgFo","TJ/TJ/y",0,0.0101882814359718,0.00348571734819658,0.0619645618994845,-0.00866513320508349,-0.0234979220298664,-0.0331540195317324,0.00774954585963832,0.00989316413373669,0.00730564653851413,0.00584739020394405,-0.00359348259790414,
"IEA","Reference","TUR","ChangeRate_Electricity_Rate_AgFo","TJ/TJ/y",0,-0.00139157022607275,0.00013090964401108,0.000670360081474385,0.00162896074726329,0.000640699503342922,0.00145464526459075,0.00475952337225452,0.00827685271256667,0.00280427232466031,-0.00199103638937876,0.00304820276837767,
"IEA","Reference","XOC","ChangeRate_Electricity_Rate_AgFo","TJ/TJ/y",0,9.86821236633351e-05,0.00124361804747595,0.0170260821112698,0.00190324587926087,0.00273659602207176,0.00545823728044921,0.000283067596357256,0.00230934865868081,-0.0117916973397538,0.00445737907764069,0.00251340525643811,
"IEA","Reference","CHN","ChangeRate_Electricity_Rate_AgFo","TJ/TJ/y",,,,,0.00681449601626125,-0.00456445647211454,-0.000479562203551048,0.00424517866594804,0.0197161483257835,-0.00658009569008686,0.00647583045972515,-0.00594804607945414,
"IEA","Reference","IND","ChangeRate_Electricity_Rate_AgFo","TJ/TJ/y",,,,,0.00799038343282324,-0.0256712239829944,0.0208581954837132,0.00276930406229992,-0.00864050605536767,0.00623738544406548,0.0113330442225727,0.0078937058343836,
"IEA","Reference","JPN","ChangeRate_Electricity_Rate_AgFo","TJ/TJ/y",,,,,-0.00322251371734892,-0.000339755728563141,0.00578750217977704,-0.000388632764816374,9.04457180270629e-06,0.000764076394960971,0.00254522724184983,0.000256332092914877,
"IEA","Reference","XSE","ChangeRate_Electricity_Rate_AgFo","TJ/TJ/y",,,,,0.0039703170741093,-0.000892582229986864,0.00344113447199166,0.00256928185810364,0.00435362109360689,0.00334631001743924,0.00921299662184827,0.00323660707461972,
"IEA","Reference","XSA","ChangeRate_Electricity_Rate_AgFo","TJ/TJ/y",,,,,0.0203488492689199,0.0113247672132335,0.0104818518069107,0.00342968579899161,-0.018248280048283,0.0137251346081756,0.000811677349031659,-0.00311913244934592,
"IEA","Reference","CAN","ChangeRate_Electricity_Rate_AgFo","TJ/TJ/y",0,0,0,-0.126201082014211,-0.018390635587602,-0.000314112459929206,-0.00935403533489633,-0.00361598275005574,-0.00279937636886962,-0.00535269496729946,-0.00470005772219284,-0.00351876071979063,
"IEA","Reference","BRA","ChangeRate_Electricity_Rate_AgFo","TJ/TJ/y",,,,,0.00368062232738904,0.00661351013273344,0.00631227112893896,0.00335511475762388,0.00781981424644856,0.00196400543071036,-0.00145917878964091,0.00967349835832883,
"IEA","Reference","XLM","ChangeRate_Electricity_Rate_AgFo","TJ/TJ/y",,,,,0.00359729953009695,0.00324889307159187,0.00579977209456482,-0.00245655532878559,0.00527143996852113,-0.00395242591169363,0.000225832821387137,0.00365317953072763,
"IEA","Reference","CIS","ChangeRate_Electricity_Rate_AgFo","TJ/TJ/y",,,,,0.00450795178147438,0.00243024506617358,0.0441765968128087,-0.00625887923873606,-0.000712995857860454,-0.00869339563938867,-0.00137697057161334,0.00266019294752531,
"IEA","Reference","XME","ChangeRate_Electricity_Rate_AgFo","TJ/TJ/y",,,,,0.00162481817912018,0.00576771265923356,0.00856107254760389,0.00810337647178176,0.0105330625051693,0.015013035392197,0.0116235255783275,0.0262225541173537,
"IEA","Reference","XNF","ChangeRate_Electricity_Rate_AgFo","TJ/TJ/y",,,,,0.00345762776907061,0.0268725416122722,0.016521718086379,-0.00662747752663632,-0.000856649883534322,-0.0197774553533281,-0.00129151293869892,0.026411395889739,
"IEA","Reference","XAF","ChangeRate_Electricity_Rate_AgFo","TJ/TJ/y",,,,,0.00762237107174167,0.00751807396192044,0.00432659471016273,-0.00449545842512411,-0.00523787262589761,0.00468968618044699,-0.00199538256404058,0.000301451239969142,

